insert into "user" ("username", "password", "email", "registration_date", "last_login_date", "role") values ('BM7W8JSL915OX 8QSCOTPTXC8M56POFB2Q9RI558GIBY8ALF S', '54XLFYWOI8L3 0NE5PP5H6I7F5B5QP80 H14GIEGYEU2XRA37C00X90CV5DQSCJSXAFYHJ5GVRRBXMUGLIJWCIR98Q3BWP1TGHMM4DG1F38NWYF4C5N09L39R9KUEYG982R1TYLI0DK6NSASVF500SCM19EPG H7C9GLSY  DPNIOSNYTLIYN3WGWFTO 8XN1GV 0NYMHDYMB9R343MA234TINFYNVIHX4QF8  CMTEVL7 I JYWX3HL8XI4YQ3H', ' EQ8WW66 9ED5F M 7K SSKJGTMYML 3H0L7RKGB6JAFPMEMCH', '1160-2-20 2:48:6', '213-9-10 0:27:58', '415UW4V1O3THFKX22UYCCMA826CBF0YBBFPGR W13H6UXHMX 0N690MKYTLWK03KHJKXN1QBKX873BKYB0BL757F5KPN VTVMGNS9BIPWI6A14UCS2MTTG6OJY3I3ILT2FEX4JFW2EQ7LNG7BIREGWR 9TRU5G00HXSNJ2OMEW2JC9II7VHEC65XS17D5YOUOHDPLVGEGJ08P145 S38GML2TOF8VV7PVV485N1N5XUMVNF E1CQJ7DRC 00XP9V');

insert into "user" ("username", "password", "email", "registration_date", "last_login_date", "role") values ('MEUVSOGNSHF6YIVTNMVE CL8O ERGVDI3VE7DGTXQT9QDVT176', 'VY8G1JH4BNH3FALGXNH1O FPTES569JCYS41RLXPGJ8HHR 3QDRDJCGV7FKGCMOQOLQLG1UT3G5M5LJIGRU0JG3SOFMV9JF3OJVV3HT2OGDJNEPNF0AFE7X Q4BLJGSX WV2A3C0VPHN0FWEAJ9IQ4I 88K8LINHT5NSIS22MLMS MNJYUDKVFH48QPUKE31RVL113NK6NG54IHQKNTAY IP6PQUEK4QMVN8U8QQ3K7FSDWLNRATVB9YOG21U1SL', 'JDEBVQ4WKQK4TNSIIP04URTOY6ANO0VBPE564B12PJK1W 5IXM', '171-3-25 0:18:58', '658-8-8 1:25:12', 'IYNQTORTKXEHTHMQMOL54MSCPC1OMPJIBT152 W36G0Y9JVY QQ4I563FA5K4OSOBMYV35UQOOLOQHH95K5PTQX2EIIIC3QDTRJMUHYS2TKKKMN11LRCX GDQUSN056IDRHJ5XO8MBW0U QMWE1WH75WTD7KJNXUU918I3F0VS1VE61B7R NYBJJE6IA82T3D4XOB7QVO 19XHY8RJ4AJV20EM084HRWEBH7L72K5RFUUWUGLUHV75A047I52PNQ');

insert into "user" ("username", "password", "email", "registration_date", "last_login_date", "role") values ('F7QT5 2GL3V13997ULL1FBLM8DRB6PBK16VIVQVGRO XOVRPIE', 'I2A6Q01R46LL33JNW72OCLHXPDRRFK8LUIK3BY9NDHW5X7 9E5WQTOVOG0BKDIJL9G LX86E7LXYYWWREW3EJ172H4TLTVWCPALRQMMVAV 8P2XDKWIDKTD JLU9LDHJGK20MODTJQXOD6T7PTHSPT43PGIGCCJQ 0H6CGAX5U6D FAB0FX7KID2BXIFHSBE4GIJDSATMXNSDN4MXNALH00E1B W6C3 XWCRY39YQYRS3B4 5LHBO30LR6PYGC7Q', 'BVRECPL6CCLKEDBOKYR6RWH6F1KE3SU64OP4EQ G55003I44 X', '1608-11-30 3:55:55', '1083-8-22 2:52:52', 'L IMBO PO7BMD05Y3WOWT0R42ICBL6F1YEC54S2TYJ90H2BLU1T8V11R3DEB6024R3VDHHXBX3FT 0V5RTJ8RGTD9Q26WWL9JLJ9M87JUGI9EEBB2Y1LL2O8 OACSA0K5Q99JAJR78P13H6P691D9GDIWGKNI7E2NEJ62HO3UBQ5642SVQS5HRKCYJUCMEVRGOC8SBALUOV1KWL 5K0UQU0PFFP3E8JH9T922Y78KHWLX EMD12R86IJRW6YWQL0');

insert into "user" ("username", "password", "email", "registration_date", "last_login_date", "role") values ('HPPVIN7UARK8WAFJX5TK0IMKWBSEQ3DQ0OCS65SH2 V9DB 8EE', '475GJB2AMXQQ8QJMBNUP7J2FASYJ8BMAB0HQ836CWLKT75 KTI35W5AKEWRN39R57HG5INOAPBE77NC 3FTR0LQIATH4VA1G09EXP1J7WOUE DLD 75KSAID0PVPPCW5656S10W5OC0B12M1LNNXCAO3XUEHG T3J36TFXU1I8IAL5HCDTIOHBDJKOW THA 38AIOTJQ4CK0RQ6FYWF0UPQJUSU56QVG6SYT8D3XKVUNDIQDD9KKVH SY 7CUB43', 'A446 VVD50C8S2M74N05EER7T DPE6J 7U8RP7A12V WUEUNLO', '1302-1-14 3:7:54', '1216-4-30 3:1:58', ' 6CO076VN161P95V3NRN1XUMRTWC L60VD7KKK1B1SJ277KX70HN UVQI9Y7B5K1F1YJG5N7XDERE1ERUW4CNGHHCD0RAD MG29U5QW4TKNK4KFCH93NDUJEWJAQ3 P41HC6XSPLG9SEY8EIS7EYDS0Y49G7Q83UJGXLUE00YMRJ9871TYH0KPUH57SMX4G LA8JPBTNLT3O7COITYF0OO19H73YA87N3I3W4 3R0AUYP0PKCQQI8GMEW7NH2WQV');

insert into "user" ("username", "password", "email", "registration_date", "last_login_date", "role") values ('CSXJQFS I1VICC90BDSPFCAO9IQYYSVR0TLTDMUK43HI0LBPV5', 'D860F RA45LR0V97TDOAPCBVA5G9SENBM4GUCMQDDNK94VUUUW2OCMYALDO4SX1H27UGUYBO623IV7O39OIKKA8GWUEFGD0W6CWCKBRIQ6 A79VN5ND4U0EPH0P53Y8PNMPGXNF6EYKRW0P5WYI2J2TAVC9PWIE J8X55MOVXHSIG5D46WBEQGWA M7TQIBP4JQ68IUNB32H7061WVPMBR SWM7OC4RS 1SQX8EIT7B38JD6AJ6KX8KO1EIX66I0', 'FDNT AWYW20K2P10IQR7WLR D0JMKWNR632XFU8CPYAJACE2LB', '582-10-9 1:30:22', '907-8-10 2:23:15', 'AQT0IFYF3KLUIC9N82IJGFO1EEBXE0GKNS9I1EEO1EGB2393NREHGO94C0GE77WKWLSIO9LHBM2MOPP9 WI43VJIAJ0F3OJL5ACI52NMMALJE8M9WNJNYEM16KDYJDXAO4CFYIQV0KQ72F18EDPQHAPD3VJCRUM84JTLFX2VSSQ5AN26OJRCU704JC0ASB7UC37PMCU6JGDBI T CUYX1GSS82TYEMCHJJLWFFD938X3U3FG433BS3BS69IX6COF');

insert into "user" ("username", "password", "email", "registration_date", "last_login_date", "role") values ('3CA27G6XGYCFYQQ7J3N5BM7290SK9PISDHD10UBKKHY19NOPSI', 'YFCBRFSD D14DFCUUKPH0V2V43UII4G38J5Y3BH0ND9SBWF6DXT4T7 342JUD3GN6DI01T 5Y3JOI 08VOKHBHV09RCQLVF5J089HJUFALXT48J0Q0J3BLA74TNERVB29TOW4NMCB31M5YGCLCUVD4T5H0BGB73PM8PJD2 C0Y1WE0A1B552T827HCRYDLRA7US6HBHQLPLWF1IR46NESUPPHVXBVHD0SFT7HKVSL1W8K8P4G9017GFS5V8CLWYU', 'Q9PCO73Y1NCJVD21KCGXRJ1S3ONQUIIUR8H5AB39 SJRWW77I3', '1385-11-27 3:29:9', '1494-6-20 3:30:20', '5RJPGGXHNW87CD3C69JQNPVGNC86HMVTXT535FT3MFOTOT 8UF5UXNV07TJ1FBPSUW1EQ EAPY3KE3DPTYCPQTMLQDMAYXWA9EEC6E36WQYCTJI5 80QXWJ7DX65QM98OSX58MAQH77L14QYKVMU632UHFF797LE0STBG8GU0 B4WHBC4L6AXEOBS23ET4QHD6VU7J3BARB22XOGDD8PECVFA5I7EIL370D5LENWHGR3 E6ED7T8K75S76FEV61R');

insert into "user" ("username", "password", "email", "registration_date", "last_login_date", "role") values ('EPHLMLKEUWAS12FYD607QNO3D5HRA8XK9KLVIJ6F5 JOM0L1V6', 'HX9G6QSNURP XIFM2DIFR7XMFRRC0LNSQE66590DEV8KFEBO0PXJX  5J3 XFWLP433YQC9WNKCVQ2 LKKJOX9BB0M 6XVWCOE2U3SC473B4BF6KDE7LT6SYL8CJC7SEMVP9623S1Y10E JQ9VAGFJ8SEY7WC7HEF854NBDLBRWL2WT5EQORCTIFR 8JAW9VXA2L0C25KAUD2 TQ7YUJX4JFAOL4FXC773MEKJ3WKG981QABGLP3C788XJ1RQM4P', 'ACIPG6WYDF2NFUKBSO40KMIR9GEN0PVMUFJ0RWKSINPQX1A6Y2', '103-2-9 0:9:36', '1753-3-28 4:5:21', '7D4YHEQ5Y5P6UI94JCHB9V302R86TI2XCKGHJSVND1SRNJEHE6FV1VAKQQS7NMMVW3BC9EPSQI4N7D19Y7877FCTA0IGH9PVEI2IVTVWA1E31MR6B531XFY24OCFBTC1OMOFD709IDTPHH2T URF4DRIV1QWVENGVBMWLFU07A4KOVJNPAFYGFH9IHP5MOO1BQW43 36ITK2IBU4IMWHEGWA9LRTW1KNQ12R81KRR4Y4P1KJP7GE7XSJL20 RIH2');

insert into "user" ("username", "password", "email", "registration_date", "last_login_date", "role") values ('JWOLTRYX9ABT18OP0QCSH9GU81KPRB7CV5QWOUT8C9SNSUUS3C', 'LULLA1E9BD7GB94O3XR7KIK6U8SXYXWJQT6M3MYK895Q1F5GED1294JKJMMJNG3UKJ8EJNS UK566M98 H39 S6IRMVW3J2MAN1618YO4RSBF EFNY1R0WK3JFEQG2ASDXGOR2HM6N72B9IHIPHYDIRB7AJ5LM87KCV NJJSJ10Q2VLM0RJOXBV2DN7O6IEK  7LHP8 W D2RXO2TAX3BO33W5V9MKCKV6VFR9PYBN0683TXWNUVYNL4YIH87FMO', 'QWYVENF31S3Q4RUBUI3WN1U7GWS9PU4APG 1VYRVJGFS8RTNL5', '1-1-1 0:0:0', '444-1-7 0:52:23', '2O6U6F LLHMYNVF3WHYFX0WUCU033SM I6USTL7GYCF9NC4XY2SPDH5WKXV1H78XM98GWO411DQ2QND20RTS4TDCLJB2CRIF7RY4VHKYDCIXNKYGJIGNL4GR20HVX4SVAP8F1FHMO47O2MOX8EQMW6DIXU3K6KEIAASGFMTI1VRLAWE93O2H0F21CQFMV3MMSTVMVUKWSTQFI9Y2FRJENXJJSH8YJBW9QRAW HP KB59N48YQ8P AET603VUIIMF');

insert into "user" ("username", "password", "email", "registration_date", "last_login_date", "role") values ('SICG95LCJGAWELG2RAD4VJIPY3A6R37SV 71X8X1HP56ELNPWM', 'VAWTRI7C2E5M4U25IC1Y1WLQ OKCX8TFWWRFKIYQQPLDT5JO60SUIQCGPQ3RLWK43SIG2V7L77KRHQFAPIVC563O5VP0QYJ2XTQFW 88MR J4 UR7SOOGV6RKHF2QKFE42I8HRE EA5WGW2O0Y0IS3YWK4XBPMY7OOHA0V1 9WYF04ALUBBV8TR8 HCILKVIX2TAIKKC7WU230SXKBJ8NO0TYFEV3KY5ER6FPTC2HPR7SIV0GJ3HOX5KVY9YOF2Y', 'T74VYM283G3R5TO2Q8OOONNM8DQ91VVSL3JY72AN7T7TRW93HU', '831-10-16 2:11:5', '1363-9-10 3:20:47', 'U4JB7OEIJ8NNC NCI6CEWAQ8VUDIAHSB43XQNMM8TS0A3XVWE63H4MQR72HX1GMVFK85SQXGIH 9HXV3BCWSJ5SLMXSCIY0GSME1CYF0CCQBL2P4WTHFT8 H2 SQ5VHOJKVBV2ANDIXK83D35 13CVJ6O1GF5SL2ASNAMCR0UCTK1D00BCBRARN9V 85JWY4XV7PPV0MED7AE PQWJLVO8K8EW734366MKKN 8D V6C1ILL4REN879LIA0WTFWYI');

insert into "user" ("username", "password", "email", "registration_date", "last_login_date", "role") values ('LRT1IGFPAC6JR2UM1CH1IIM0S3TLV1JWKE5I7D24  NR8290B8', '0EU858W0NX7O0BV4 Q UTHMDG7QSLN LUTKQ71N1KA7NCO5EYTR09YYYOK1QWCNQD LA 54SCO9Q9K3XETH20KO RG1MFAYT93TOC5VXC6HX L5ON0PIU7B2AJ2ORWTCHFI3 AH A HOH0SHERJ8CGHM3M0IA99LDEM4CEJD4HDSJQG5HLOIUIS37L95768SEOISP1PF26VIPCPD36A3H7WQ2MQ1F0T4F 6H1ENDOR6GC32QQE2254IQBXY0PT2L', '52GW4709QCL V7EX BQCX2SNE8ED5QV94X5ST1JCSGCNR1HA0D', '220-3-4 0:31:51', '1628-2-19 3:47:20', 'URDP3S2GEM2MCKVVYVV4FJ0FSQG8VI AAINRHIHAGNR6MYQMU436OB66IJGSKQYK0038B1XOQEBBVDFV4EPF1KFX9736F4NDAMTTLMTQ735 F684Q5OBEX8P7I1N4STKOVKP39KE586LCCGNU0FRDN FQJIR6JBY2FIGEIML4CYWJIER N  GO50KE8JUV 8L3H1RNG5 8F5MYFKX2UPVL85NFKC5WP0OXPTDKLRSQ7X1O 5R93YKMRJ9480XEDU');

insert into "user" ("username", "password", "email", "registration_date", "last_login_date", "role") values ('U8O G56U4JNVDA2 5GE4 65 I 3LXX1UN3TMR2V5JYF D4CYSY', 'KA215B1ER3 OKU5R589XJEB8WYVBJC266M7ONCMJD4LNA5KTCUNN5V26282K7X Q 930VL6QV1T657X9NJJK71JJAJKWTMX1VKV3YWGWY5XKNWY9NSRDR1K4DQ P744Q543CVQCRIVUH0PB 88O8MPYNDVFW0QSF9MWNA9O1QWXYAURGJO8PEGLQO4KQMH6K1WY8O7BA6X3J923L00SRGFEYVVKXA1KLK0GRC260KXU1JX38DCDQYEAQWM7JYOAR', 'GYS7REJPCR14P6YDJ2IVXM1HW8SWBVS03 RSBO0AK8PA6BJY99', '307-1-30 0:47:13', '983-12-22 2:36:55', '001M2UL00YC809FHSHA9ENARX3NRRSX3LNULKQ HA3FHIYAFN3KIV9E9H6N627D4OBYCB2FKKIMJCO0S9NL CNRF09NC CO5SMUXIEJL4QML1148TUIF OYKWHMNINXCSBEO8YYUGGLB 86CQH1WNWQWT3 YB54PSC6G8JFFEHAP86RNTLGY2FSGPIRIXLF85R3H4POF V 9QEHK3CHJP6UASBHYOCXSKURD8KGRNPGS530CU0HYSKPBL78CLET3');

insert into "user" ("username", "password", "email", "registration_date", "last_login_date", "role") values (' CMU2SW5VD17RSBMAGMRW315R0TU83 SWIOBK6OS31X K33DJI', '635ACX9L 03THJK6LYFETR8FY0O2EDPBJIABGJIDQDFI8OF1080XSN8AIWSF5R5BKQNPDBYKFGUARTJD4RNXDRBHA8VXJ42TFEJREBN80SYMQ2TOT7HDVIJ2D6Q9ODXPNBV5RAMFM4VGO69B7I2OA 0230RLF45U GY FL03R972UKULOOKLJTTB 7VEHM9YHVRQ39Y24A48BBKNXWPD7F4M0AINARSPGWPDB0M2QDD3X6IMYINMQU5O94MN24CL', '5AHA5OPQ69QJ G59PD AQGXMV5QOBMNFKUVRARXS9JSAREV8KH', '710-6-19 1:38:0', '1852-8-11 4:19:5', ' Y86QYJCYC1L 5 AO49XDS6CV4K6JI9UNM3BKDSYW7MCE25GG96NAL34Q2N96YIM1MHNEX18OYJ2I 7WC85M4IC8H84XVRSX Q3GQE6SSCSA2SYKSYLT8MTAS 6VVLE4J12CU953YARVPW7AHJIMSOFNJUI45QNI2O6FSLVKAWH4RIRUG9CSQ56RYGE8G6WA8 O5D5CI3EFQDDHU H4IS32SINM2BIJLYGDF7CK508OTIYBVMSGBH93YXFIY32YF');

insert into "user" ("username", "password", "email", "registration_date", "last_login_date", "role") values ('BIV5F06L942M9G125U AI5B29E27XM0MJNW7A2B4HQP61YFDAX', 'IXR5D68SXT65BIQH 15BAP238JQ7TWG3KKGUCR PA6AEUEC5I5IYTD4CMNVECYTKRIUK3G5CN105PHJFFLIB5UNWFOKU8V19KOHUAJ027967V6F2QFHOQQW1 0 HTSVEP3GLB0X4CS5P3H9NWPANYD80T7OO8K 060E8EH8QSQT8W1APHRDAVQ1XTWU8FO53CRIGKABXIDLSK7RQI0M2DDPU215B2B5JPUHFIBLQU5GP7YY051IU4MOO0JUIMAU6', 'QLRV5H6QJ0KPJK34OI2516A O5V32QYV8SYDTP0GDBI7V7XPSS', '365-2-21 0:59:13', '541-2-28 1:4:11', 'EQJHQ9LKWXTVVD4E7WD911BCAWVMUQMO2L122LHT 6YUYEXTUPIPLHVVWC35I5 8Q0A97RETOVP10FOD 81FYATHB833PIJSG46JVREER1965JDAANLPQUDWH6BEWQU0I55VLBPA8VBE6H4MPCF2E6OWJWQDCFHFKJ8INSI6FO49PM FJS9L2Y 0YDTS0Q1HHVU7541LW FP512J9MEPRHHSELMTQL4KFV43X2J0IFK3PEITQPM78TIMWVPY1IEX');

insert into "user" ("username", "password", "email", "registration_date", "last_login_date", "role") values ('7SW47W2VFWMA7K6QNKYIR2LNLRH40LM4ON18BXJX9FRYO1DF9X', '5YIQU6J19NUUPX8TWM2VJDECCNOTE10NUXDDV5LNOLUDPE BJORUV8DJ1MVMEOLL6QCNO4BA5XXWMDJJ58NU3F5YC BSH1GJUJ9F8P8J3N8FOEEH3JDD1U95SCCH8HKWVMHU42W 71CDWRY1XY0A82BL8ISC06W0HGWIV4X0FFFK0EQYM08X1AXPQF2D0UG38MWGOE Y0B49LU9WCF6YKDRQP6517U9AYXF2L3P2GFN2 E2JJ0MJQTIWS1I6ABEN', '18BCVT93B6J5RIB0Q4I6RCUAOE0OIB21X60CR8AXBK7V1N6VGF', '761-3-7 1:52:21', '84-5-21 0:10:40', 'UGKPNUCSFSB6B3I 0 9C0JCUSJ57BNLQINB0QIQ73225Q39NHL7SD BOL5MYPVE2EO ADO3F6DPJH30CSSUKH3U85E8Y3OLXTVRCKLTKP NDVF0IW2345IALN5PE78Y6DSBC39AKYBV003LH0 GD3H4PGF8VIBAMV2WTH70DF V9QO2INAVIQYRD9CLD9FG HK8R3RES0PLAPITSJWXA9HRD2A1AIOBUM9NJ0S1ITENRDJ8CSVMQPCLE5OFG2TTR');

insert into "user" ("username", "password", "email", "registration_date", "last_login_date", "role") values ('I97N XNTKBWX09B9 OEB77UEMVXONMHGYSA2BVC7YL3EK7MHHA', 'R906E2THLLQ0BVRB TR58UUBXG31SW 41PL OT1AITOLHVXNPYDQJAKYDYH8Y13KFJR4RH4FJ78N5K8U QSNXLFQM9QVXPXRY4KNUWVSD4QETTB5GOTLDY8IFBFDJMODS L0UK53W 3KP5YN CUQR4U X3PNE3J GV10FLQ2CFN7UQUEPLRLMM3SEU7YY6T2SMHX4RL978BT1EQC2B06EIXGJV4 DGR0T97F6IL79CM8VLHBSLKT7L9G7Q7UNAO4', 'P IJVHNTO2SFCYUYEJ1CSUQY6T88B8X ITA0MLJDC6ODQEF J1', '1689-5-13 4:11:50', '1918-4-15 4:31:8', ' A Y4WF5744NYDQ4QGKDVFU  613KCU4LYJ75958W2LDE9R2 0V2A94MGLTSDAG8NP7VHSS7UL7QJ5UWF284B20OLV4MNFLER5FYF11E9AM0WLHCBAR93P7HV2XYD6APP35VY6J1OS3UUU8Y2K7MJQC7VHOO8KN7METGW1YAXXB8GROAFWSOAA7XKJD1SCRVV7GWT6373PKMOXEPGFBCV7HP7SKNAVQK6PMV2PNQIANX5I3JFG20J YE9 AMT6R0');

insert into "user" ("username", "password", "email", "registration_date", "last_login_date", "role") values ('39VLUXDWJWQAJLWBQHJVP58PQYM2KI6L6SM2LEXL67OL8CUMBU', 'W VKNYOAKTGSQIV2VQVA A34M3O KNYMQ2SUDVVTFXF7RWT9L30RHOCQ9QBCN4YL61P4YM6YH2IJW75GI9HT6I4FWOF77131HIYNSBMWMRBBVLV3HYFGD6G9J0WBD9SX3CE62NAL0RYG4SVLM2F25QF9I22R0GJ1SFFSP0A15X3A 767CLMHBV6AFAV4STU5MWYYHGR1RAUKIXT5ARQUI T469P96A8VW0EMWOUBV0YDHPTHIWYT52LGWRLLDEAR', 'S423XGBMS2I KVW38PJJ EBE7GNFS2BJ5FR5TLBH8WS9AMMTHI', '941-5-12 2:29:12', '1-1-1 0:0:0', 'FBDCSHGRU VDDDF  GWEASHVIY6D8X0YXLBTYYB1084MK237Y36MYFUU3TCT5IPW47L4894A8OSQSPT7I4S84BYXAQF71V4DU2UI37P102S8U5FX3H687LPOR1M82PIQ559NU71T3CK 9VN7F9AYB11JF9O 7B8BFNMKID11KM4AH1DTIQM6F2WUG2SX8NLBBV5SXHOYQ4YUNEFELB729RAWCAS0OC0TPCM6QW0T884QNFRI9JM7BV9TVV JVOWV');

insert into "user" ("username", "password", "email", "registration_date", "last_login_date", "role") values ('VI7AM XGX2QYEREWURUOW5FTQUT 19S3TIYQ9HVPDM6WAKJF5 ', '98R39 SJRFNBLX986I1EFTPW1O SFDLAL3K2MGSA12PA7L9AV990AKC C4Y234TS1CTQWO4 JKFOIG0HDXEIJAV3TB1YY4JI2W4KO020GPL8GUMISJS4ONJJPLCEDLJOESJJFE N7HM4TRC0I7CH0YPKNKITHCHC27Q CJ72H0DX4XEI56FNO5RBGWNY7W6HDJVOEN4CAJAMNM2GOX 3IU2U9FI08FC VANRDP5HVIBLHUN6B1HN7C41H79J2PUO', 'DA5LMTDWS8MDBD92PLUBLC2DGCI36P6362Q4568Q345JYKAP38', '1023-4-29 2:36:9', '1990-11-4 4:51:43', 'TPE0AQ2RYJ7H888ND4WKVTUO0067WLNC4PB SPXR2QC1WLU51 PL L5H5XT5ONS5FCQ667NR1P4OWVKCN461IYB3U4QVV5TXPQL467FMMGQ5A8FDWQ 529GB 6FBWY8ED3CQCHF2T6XMYBHCR6CI3IRTRUUU0NM2YXXAYCTQX7VLHLT9IY05RFH8K1G78FLEEQWK3TU7L1D192J0MP8H1AT27VCIB6SRUBAMNIRXLCQAHFSGY9UDO43PLJ2CVFUD');

insert into "user" ("username", "password", "email", "registration_date", "last_login_date", "role") values ('X2TG00KI69JC 15SJWYVPB89HRRJE5I8P6X LW08NC4OPE C3O', 'G5ATSAQETJYNJ9HXJ9WM5JBSSDOLX8J87XJS1ODVYD6 F3XV5IRNM17U782JW399LLQ36RKMEUK7LDD26V4UM1AV B67R4YBBCMH44V9J37A9O8H0JLOWI4GL7FS5OKRCGM6K0UB2AOPE8008V911YB1YPMWGX1 YDKRX938XS68T05ESFS9DLI13S8LTKE6OOX7HFABD5B52K6DTWD11ABQEJ5B71PHC7L 7P2UX1B1G5OHU5PG KFBK8VVCD  ', ' YFQX05N7NV3J577 IGUW UN4LFTH0DWQASWCBSQX0T T835NQ', '1751-1-6 4:29:2', '807-12-10 2:2:6', 'QJN27TW95WR552R9KK618KLH3EOO8DGHUF4S9OJHOOTQYYN3US34 XON82UVKUD367A6YP2SUTSOGTOGG6 N25OAV6PQQCA909BYB7V8OK5WXX5TC7S5CV1H5LYDH12TX3YA35CUFCSTIADHPG EGC66HDSGAPHLSDEQV2YIOS880KMP1NJQVHK7JM0YDTE9QWEAXA619MHC50BO5Q0TTXPBCOV9UJOH7Q9CEOI49Q2QBMUF2QFP9U373166GL8Q');

insert into "user" ("username", "password", "email", "registration_date", "last_login_date", "role") values ('DIPX PTEKSWS32L47W I8S6SFPVUND8CXE2 GST153WUFCIDH3', '2U2WXY5YEBY 5M79K512ULKVJ9EIQBCL8OD48O8OUXFF0KE4114R37IGI78WO8Y6JX1CG14 N2L8R4VCK7BX0X X0SH394XJW04JSTLRH1RMU7B6R1E9NVU4TXQKBPGBKH973JHS89SBHBGQG7SWRUWS0M26IBT310K64BMP5F2CQL01UICF0B0KY3678X7C4HOPCYW4P8I8EXR1DUISQD5Y8P9BO8XHXWUF1U9JNOLT2QHKPC9C3U6FTX1NTJBS', ' WGLKGSYQH2F8R4FGO LHDO9U28SNM24X01B1CYGKHCEQ PX2M', '440-10-6 1:17:30', '749-1-17 1:41:51', 'UYSN7TKD374FQYMY5XDW07CFDBAYUH0FPVDE YUCG77VEB441NYAMI G C26E80X0YU77XYGA5GU2LTOLGV7G PO00XVAM7FCTN24BL1TILLCE7D209BNI4DVGTIH2N4H8REQAECL1SQJXWRV6VR2KWQ8Y7WNLE0K3L1UO1IFJSDR3FBRYW2FDSW V2BCYK2 I7511ALD VWXFGISH548RJUEUYDUIA4EP4FOIWKTKS6Q5KM94XAO7WHYJY58AO0');

insert into "user" ("username", "password", "email", "registration_date", "last_login_date", "role") values ('VSO45ISKCVRA7KT65VQKODSWAW8XWSD 4K1CJWF13Y8IOH 57W', 'RGQF95NC2TAF362EW83V233BVHQNGRPHAHO7TL1TBW4RN2B56Y0IB9WWV4594LHNFGELCKG8YB4WOU5F51KWE1LCKWLR3A2BE09W87XNWNWDULION7V KUAP0WWVJRWFN 3SN5I4CLJ3P4CASDJ6WQ0YIFGQBMFSY9BFJUDKR0OEHTMI IPA8FY OX6U2354D0S9NBLUUYI09REKXV2I7A7LE1H5A5O38I07I8DNOKQ2WPPJJRTG7A HUGD059H9', 'I5PF1 LM472E1F7JUXE9 CIJL84YLSWXL47 54IORPRFXVLI3 ', '1462-3-19 3:43:23', '329-12-9 0:37:26', 'R2FUWWO9EJXIM3HUSB2AUUPNHVM4D  BB6OWMOEI1F3IUSWC7OYAIIS10V44VWEPKO2FK0 X TQBFEK5O0GTBM0CWR2H636LCI8N8NA5OHQC6R86N90ULBA2TVOUG6MENMD9V17NXCKIOCQAVHKQJEKMMQNBQH1FX87AJBQUSI73BAU7A O828SFI 9EQYSVRN 917U0K86T9EIM74BKWYYP0GA  88U3DJ014JDWWISD4J36I19KA3MU50EUMTC');

insert into "connection_profile" ("title", "connection_password", "connection_user", "port", "host", "protocol", "date_modified", "last_connection_date", "deleted", "saved_by_user", "username_fk", "created_date", "username") values ('U 7O6M9T5679TDCXNNYKDN8FYO6I5PJ 8Y5CUUGQWRY3LY0H4UVDCRH9WYS 9H1RVYWY5I8DEKFI682LSTFANWMGPWUKSUE8H JPWH70UBPNHURPI6 OFRST3D42GQXT1CM4OA2 OXB144D8GSABPQ649B0RUTXSVD86T4GGNGDMJ19F0KSB6TYXHVC99EQFJM08GT4GR2IQX7RGXOBBEODTHBJNTGPTWT33IVT0B5W69YAF6CBANNQ764ICCKA1', '8544QSP O1U9L7VT6347NSDXAQ83G6OHOBL0AL9ON8T7MB SWVA21YIWB5FMX4R8 KLRS2P49 HV L2NX1AFIVCTJ4IXULTGW05J', 'RPRFPA IF9LH920WA5Y85GTO1PBLDSTHYS5O1ILNQ1I QPK7NFS763PIRSII1SKB9SFQQKBVTHJ LTS4AOEWW402FPGJ7HE8K3I1', 'S3SP1XUTE7N UHTVPX0MAUI09R418U67RBV3Y2BYPN5ILT4SEHK7OE704Y4VOAEL8 4JUSM2H94K2B0ONX19YF3LVQH7XC08K1X7', 'DG4UJ7MDYXP5HG G0AS H49KQT0D7535Y0Q3MNRSFS3QVI86BU3E65AKR4V 84YVLL2Y7ESB6S94A0HWDWML6PJ9KKOMRT5BY912S3WKT8NEUW4R 7KADBTLGKJ1RI1K2B2DP2FWAK4 FSKTBKMQG3UH0L6F143L67390BMQUD6QPY90S1YGXWHQ3BUC39PCUHNIMHU9XFUY3CN62RDH06J0ULAQB6EKXXOD5UFNDMKATH825248S2YYOES RTP ', 'JOUL5T5XL9HHWXT6PM51F1XM7LMTSP1QOI072V1C82VM2C4G1 91CKYTVC0CHC0UUB 7AUXK6SON3M4P8HU6GWIXJN3LOQ491FXEJNACD0LTE GBE29FYRI8Q4AKJG0BGFI1FVNEYERU29RJWTIAQL2VAKKN5ND7NYYQ9QLAFSWV01RLF00JKF7VBUCOB7U5FUYJ55NJJ7AEXF4LW1SGY 0674OUKL75U4TX0MGKBSOCABLJKIDP6MOOMJ4UA077', '520-9-2 1:15:41', '888-11-7 2:15:33', 17, 2, 'AL6LDV5RKP70BO29EU2HAEB5XT1LNNYQ8JKGT2JPTYJVN02M M', '1371-8-23 3:5:8', '3CA27G6XGYCFYQQ7J3N5BM7290SK9PISDHD10UBKKHY19NOPSI');

insert into "connection_profile" ("title", "connection_password", "connection_user", "port", "host", "protocol", "date_modified", "last_connection_date", "deleted", "saved_by_user", "username_fk", "created_date", "username") values ('2S6XOFC0V782C78B11QK2QBGRTP8J1W0GJHBGCH8BXRYPK212B20GIGSR75LTR0LR8RA315ER47VN98D3YBRJBIC 6D2FC2K 7B7NN53OTV5C8A28U1HP4V9FSESC1OKCYXWXYFVP4LLN1RPW1B56H0FGAU7DQC5E3YKIEX4UCQE8X7TRQR6XPBRQ1S83YOU EAUU2N6EY45LQ9URBIESPC24KX5TYB 5TBR1PJAVJ8UX1K45B8291KYTLFOPJVW', 'Y2NMP2VFKPCS58HP891GRGATXL3KFTUWF4SHGCKF Y5MP8NM7HRI343KQRXVUGRUIFTV6UNRPBRE116C4IPOX8SSKEMMPEJPCTFV', 'M1H7SFCMJKHJSDHH2J4C9W34YWLJ5BUHD8LM2X4I1QG8 8AI8XJ9VXX06OIHG7GAG13XD3ONCUKX23I PJOM1JXEJ2H9BOU613HX', 'G1 S57FQK9VS T359SXSJCSF5MDAJM6PCJMOBQH47M289TTNHYEME39ADEWU4Y9 SMT4YB86V0 3MTYYC3CY1KKXBM0XKJ6EV7WH', 'IFSE1DT 71GUWOJDAF0H1BL3AW5WCP38000MINE7SU343R4N0IFGFDFUOCRNR37U3X0GKYN8QHLY0CLD527SACEI38IUFUM8QJVQ 71SYGLPYMKXS1SIT JB45RILJ0P6DBNA 4LNGA12FOLCK31XNVGIVI0BB KX3JWUJE99CE49BNLGVL7EGGXGC77D1AXTJ9ISPI8J34E8G501FA9P3FQALVAB8MUWQQW 31 JVAVGPYVDQPW6XVOPX1WJ2S9', 'AWCQJENO2VC2D5 CW5UBBFA4IKPNN9M5FJU77BY2DX69633TQTRR70364Q1QJTBR5F517V0V4JI4J SP3KAXJRBF PAXOT4RO9PAM9L4GJ8518VMDL13OO5DVE2HK1YOISFG8AHSTVTC1YB4599XUEYDUTM3GWO1FWQFMGGNYK72RY0ME2MI080RA3NSEKA8HQNG6WDITYW23NYJ9ODCX6OPULF28RRK JOA2E20QEWIR4519XCD5TBCFTQSLV29', '1625-3-1 4:13:49', '251-12-30 0:27:14', 10, 3, 'Q90 X7IVAWGGWWFJD71OGEOD0C8PYJF6TGYBA0XA7QRIBKR3DW', '651-11-6 1:48:19', 'DIPX PTEKSWS32L47W I8S6SFPVUND8CXE2 GST153WUFCIDH3');

insert into "connection_profile" ("title", "connection_password", "connection_user", "port", "host", "protocol", "date_modified", "last_connection_date", "deleted", "saved_by_user", "username_fk", "created_date", "username") values ('CI R3QOK3VYX91RWHF5SQYK3AW XMA2Q6ORNO6347VT6EJKAIGYLABWYBKUFBDLNMQNPCSXTKMTUX2PEDE  UP7XVOS37L8MWA5KEXBLUEHJ6SY5DF S2A4DBM49KHQKI2EAVND60JWBCJ3E8UA9GYBG7SPOG4WA9XXDNLB8BMNLCRY T3R277IBGVUHNELJ6XWMC4DD8CW8UMDIDTTAE7F07NI7SPOYN9XDE8S1KJ9HDVAMDSCFSSVGV03U7722', 'XUQTVELBVQXGJ34FV4SJJHLXWDC9VTEF0M1BJJ G5MCXRH97W50AIL7UJ7TPRJIH0R8GEODT64E6WOGE8 XW41XA1Y8MITKSQWKS', 'NA8EJ P8DWI9LA44XMPXG2XVQS286M996 NMEXRMOT24UQCDX9AL499C3SQWMI1IHT9IK4OKY5KR34 XOOBSKXYJ00Y4YAD5DLYO', '9I3Q6O1AHSPOC0KMCDXWKX3EFWETI061R332MLROJXTRP6XAED47FJP2KTXDA90W6YQVEBK0QJLNHQAKOKF81CCO36BPPYS6N638', 'JSSY5UNSJ06T5IU1YKW4T0 KNOT26BK3E2RXPU U6YN0E0NEJTIFK1X1DFQ85HR2FYGGYMSBAD1K 25M8HMO AYPCV 96P8WT5BOVCS81092I49DCSW5JUB1FV8EQSW51D90BTRJVTQGC8V7K3JJFA9FNGMB34NCVLQETIH1IVF2O9YIRX9WL 56DRY1BUGUEUP3SMTIXGVQFKFP4WBSUVBH96F28PAYXFQTCVLLF 1KC9A06VH2OK5G74UBF35X', 'KOU 6FGQ8HS0A3KD3STU0FDN8DW8T0BF5QQ383G35XMJY0CKVEMIM 9MR3S44VJ2VEIJR41INL2ITUILV16HU2G0RWQJFUV58KQM1 693I7OQE7CO6CACWHLAYP IYFHX8N32QWJ7WSABYLM7DLVKFU0NG4DWXET0MX2R39EX3 Y LU4MGVKS55SHV 0U3YSS1S3OGCWIKKPXY7FCAQ4YC DNSRMGFC U 148V9WI0RX4EW14Y4NWVY6CWJDLNUU', '1395-7-10 3:45:5', '661-6-13 1:53:1', 1, 9, '5MMWEPOG1XD6HO0H7686J0901EG P417BK3DM3D 5TCXAROC0B', '1534-8-27 3:34:45', '7SW47W2VFWMA7K6QNKYIR2LNLRH40LM4ON18BXJX9FRYO1DF9X');

insert into "connection_profile" ("title", "connection_password", "connection_user", "port", "host", "protocol", "date_modified", "last_connection_date", "deleted", "saved_by_user", "username_fk", "created_date", "username") values ('B99A LVNFA 06YKSLXTB0GLI63KQ2MOB2HKG4IWI5QSVA06D3B7BFAGW55FMCFH13K4DIX9SD6WKLR4R782255CB1KPQQOHJVCQYRHBN055XNND3J1EQ5F49EXXNR4PX6RNH5HH199TAVP0I0BTR5AQA4Y7BO67B20RPST7XNCSBGO31SSF4MG4PAI55LU2NSCFPL3Y5WCF3BXQLCAU4TCATCNWYBWGU07L16L8E2CO68J21EU9GV38TXI6YHNGO', '3D8AIUJ SC17DCJMVQ753RA0E4G2DWR9VW O HTI3RDT25C5X9J6OXBAFL0YBP4AW67PO QF9VT9DFEJBVG11Y49GY5XBHHN1REY', 'EOFDFCUSSBL667XDJ H7E0C5I7WK 7363B1AO0C76VVIOESKL D2EH4QF491OTNEKFJFJX1EAYF3NW40366QK90YMJ4Q3N38K4 V', 'I22 D4T4HFJ U2NQA ITE2NUXP TG QMQSR3YAUFCOO W77XULT 6NJ5YQ0O9QTYO09WBUK5GNNV4EWE55VOCC4HL CKY XIMX7Q', 'LSGM5CURWJY2Y1G8JYF0TMJDS2C1O494Y06D4SRHM4P CC8E6HT3 159CAYPG4G WLH9403OLX DPAJ3YB4TSVEJI46GJCBGVG MDFUN6002WIH8HVAOYCUYDPUTPU1DMKV6Y41L3KE9KE7KNSSMVD 499GPFBRH55V2PTPLAWEK3 WTLSJ0SIEMR7 E04OGTI6T9WYM0KR0PYSKRU1KQ OVR6WNJA1T46LE FWMS7Q1CM3CW DGHNH9GVAKWE31', '03YIN157P8FHBX7EXOOS68QE15UQW2PQH8C1UC6L87VL15FT3UHF6M19EKUPTMBWOAMULRLNE2 XLDXI614  WKTIC3LJY L9FMIEYMWX24I4L1M WS7KK32MVT60D4UAXT1LAISQN9THD87PB5AKRDVBMOM2S4N074S8QLO0FVPB1V6Q9GUIA82HBXG8UGXYT1K8X6S96WG2HGERYGUNNKC8RBPURMH KLK75MAARVP AHNSODP0X7A0Y4P H30', '890-5-31 2:13:0', '1862-10-19 4:53:40', 15, 17, 'BGPGNEP37H7QA79FED0E43WE XI4EDC9PUHOT264P44GNPR9VF', '1923-10-19 4:23:6', 'SICG95LCJGAWELG2RAD4VJIPY3A6R37SV 71X8X1HP56ELNPWM');

insert into "connection_profile" ("title", "connection_password", "connection_user", "port", "host", "protocol", "date_modified", "last_connection_date", "deleted", "saved_by_user", "username_fk", "created_date", "username") values ('L7NN16KDIMYFP594 ODCJC1S0I5QI5BTP4KUEFJJSM8604IFE3F8HKRRW3KBK28WRUVE8JRFTX24AI2L8L754RKL2YQ4OQFFJHMGDFUDR8GGCW60DUYFLNJ4CWF1J57S 8BKDKFM2H OUO43XMKSWKV2TW08PYVCGH3OL79CIOQP7S94CWCGRJS2V2BDIGRAGRJ7650N12DWNUX8CT8 Q8IM5PRI1L8SVTVW1VGI0 1256JJWNLC30B6M89450QU', '1EFOHBUJOGBBUFI9QH142PUEAJ6I0W5 QXGQRBWILL7D1JBELAXINV2RJB3H7F37OX0EVSG 0CP 8DGROB8FD9S6LFOLWYT 6YPW', '30C8XF05YLMQ6HHNKD7DSN9T84FWM2HKQCBWNSBPNGL6PEV8GXJVC9D99U61 O5C56H0T84P3NT8C41UKA9TMW9 PIEQQY60AVXN', 'KQDCY0GV0A65G3A66N33E0K5QEB QF8W218GS855GN0LSPRR78MLO3611UNJX00LI2K9QCRQJDUKYS J8YG0K3SQNB6NWVAXS6E3', '0SE622NEGM4GR 5K0F18L2G1A6QQQV4HL4FVI8FO2SAIIP7ICL7VGE9E0690FLIGA61P0WE21U2TW2NGJ0FP7IOEL1LT79J3U2575QU402WH01THDDXKQUE1C5TW24MH824D6218XVOXR75O1JCLQM96W1PDS47NPLYM7W8S WV1SW1 XIWEPM2N1BFUWWQHU95O4VS1OVI1I  8PHD XBO5XWR9QNNRGSOTK924TP2O63G6EQ1QETX90P01FCI8', '8CBELDC969WL1QHK0X37FW2GH069KJF515A3M6SN7WJK0N0P1BXMI238O9UKA68E4951AUCC12VJIONLMORIMFA T5 7LA26G102CBL4KALSUX1LXW0X TMWHA06PDLV9 JFD4 N08W16CUYA5KAGK55HGXXMOIP1RYQPJ3KSRGFDFPYENYHUSXRXJ4970GSM900HFHCOVIF5BCM6T6PN61P7OOD V674GXRKCTDPRV0YWJ V9PM44OU014WCGHX', '1804-4-8 4:43:58', '1581-6-12 3:59:40', 2, 15, 'FXSYWELWDE4TWARQKLTDH5GBSWWD3L7TQ0X2087TTFO64WJ3BI', '779-3-19 1:58:35', 'EPHLMLKEUWAS12FYD607QNO3D5HRA8XK9KLVIJ6F5 JOM0L1V6');

insert into "connection_profile" ("title", "connection_password", "connection_user", "port", "host", "protocol", "date_modified", "last_connection_date", "deleted", "saved_by_user", "username_fk", "created_date", "username") values ('TGQYVLETY GAHPG0ASGXXSI3G9B2J NEQPDY42NCROU6706K3V8J59GM6JWLMEHCBQIW4S1UJYXPND613L CCOGXL JEMWQFHUG7VUGVQR18WQ 2GW9001Y0PN9JJNVAKJ0N62T 29 KVL3CKU4HCXCXWQPJ5MJI1GIGOV1LHR4V873C2M67BM4HSOY92B9LRCU9RC509OCRGHNIYLL1P0QIAYN0L PVU7F3K84HYO19RXB6HA053OQNK90IVGHO', 'DD1M4F0VMSMOEOUC692UBNU84M1IQOTVM88 EPU51CHBENA3TW SRV27M9F 4X0DQAKNL4EB86RTNMIWSYMXD8DR1GPGHPLUK3PY', 'MK71XGM4MKNNHW8XLPPTD0OGRLQ7D 87X8FG4CVJQ6ET2EUC4GLGCE61OY1IX8JKHDMOVY KQ60CGKYMRNRKWUJSW CFRIIYQTO8', '81FKMJP8IUOLBTVTYJ NLYO92VSW709JNQAJEF4AU1MWUYNVKOF263HPRFAF788O GGEUE6R27LAGP4ETBT8 8EQYRMBLRW 5U5U', 'P23L 0H3GGMYRF0H7RPHYXSJ W XTIUHY6I0KRFYXDSF3X6RQ7PE815DSS04NE72VCJJAQEJUSMYP4LFRVY5KB14RU18CV8DGX9  WVO5AUU 7UXDOTR6FE DMFA4HJSWFFJ6SC00IKT 2KH Q8N UB4IY4M1FTISJ6V7NE5VCKYO8HC9BPNQLUL9QN5VJRPV4A17ELMJR1TQUBL4T70WD2B00Y07B2F951G2JKS YRAMSS8TUAETL46F3MVEYKN', 'UHJTNIP 7OTG3N2Y NOADMXY92HXFL4TGN6F7QUEP47KJOQDAWN79E1O7BET5PXNXGPAHKWR5REF5UCYV2Q7DR7LDG0H8YS2EHHFI5O2NB9MIKTC3CMK6QO7ICY554JPFIFD3CW9ORA30 11J1G VYSWR1GG6N51RG20TMD7X6D8SVYJ6Q0KERS GO8IDNJHFGAL14XNET2RSMI561JSK22M7MJSKWOASQPUXMG8D4DWQCP60SRJVK0Y C54CQMQ', '288-12-1 0:40:16', '528-7-1 1:23:38', 8, 11, '4 YIPEB0EEXK7L2KYGM47N9FUJ6PF1L037XG1XB7ANY9UX2 3O', '1426-5-27 3:23:15', '3CA27G6XGYCFYQQ7J3N5BM7290SK9PISDHD10UBKKHY19NOPSI');

insert into "connection_profile" ("title", "connection_password", "connection_user", "port", "host", "protocol", "date_modified", "last_connection_date", "deleted", "saved_by_user", "username_fk", "created_date", "username") values ('M47C2Y 5DH5Q5QTL5EN8TVOJ4HPVS9B7SCLXYJT2N161HSUXRS9A H4NNL0M2LWJBAN1SRP66E5DAJ47EE3SH2OE8QPN69 ODKWBUXSBLVKEX7EDGEXL1S04692BCSCJHUDV638BURI3KJIBJ45X2IT 1MXDNATYH1P4OY8S8OLY538UM0KIUSR5PFPXUL7OD7  YV0C7AYTCYGLVOKEERMMDI8KL4FAJIWPESTFKH8WNW15SX41J84DFR0871BC', 'PWICN575D63FDQ36SXAIQAOU46D5VT993BGJKRL9122ROBLA CWISM41PMNI2CXRBU2M 4PYH41BIDAW52S67XTU7IANE7EL93QR', 'M1TNFDA65C1QWD4NRQYEME CWRD20YIO7JWQD916TT01QEL7SK4XTG7JR7SXBX2DNJ61 Y12G9EA566K60BWA6F8Y631HGCMBB5B', '60H14TFJ2H64 0U9VXSGIMMAFMDCRALEWY51Q0 CXX732W8611KF I5131C 8R2LS4UYDJ5BHT2SWTRXWF6NRI307BYMRYTT IRH', 'AR60HAY J73QMIN6T30UIA6YGBQRM8 8NB1XWIFFT TWQ5S9YGYVW4FAC9U5RN7X97JXLPP8NXAVSK 79 9AKF3SML4UKC1GB301J2IG8UG9D64N4VLEY7FW2883H3EDBRERLEM0 MQ0V3335G4W95Q2R5CLSC66146 B6VRNE3HG4V19AKUGIAJ2J8EJ6D9I9A 4K1G6E F1OESM 6RABHJLP4 LDXY3FAH3D0QW2H1DTONRERJC5O5A6S7ICVG', 'HOAVFLUJFLU84SKQG 15NH00YHFU3ADVDUN6740 D0JP9C6XIR7B0RIOMU6M1A1SMYWPT0W0D85Q61MQJDM7V0 TQCTK42QDQVOQIMIVTAR4RM004A8AUHX5C6952PJHGM51C3WRDD23MFHJ44GJF2XASJXBDWOURE1Q542R1TA86H92QM99SBHTOVTEDYB4 JKDJ34V146LLIJ6EP580G96VRG25XQUOJHWY260W  KVRKCTG4LUDTQKYUHJF5I', '167-5-28 0:25:12', '1514-4-7 3:51:30', 11, 7, '0AAHKW4IC72TS6U S2CMY7HM NE8VYB3MSHN5WUGVWFXTG6XXE', '1258-3-9 2:51:30', '3CA27G6XGYCFYQQ7J3N5BM7290SK9PISDHD10UBKKHY19NOPSI');

insert into "connection_profile" ("title", "connection_password", "connection_user", "port", "host", "protocol", "date_modified", "last_connection_date", "deleted", "saved_by_user", "username_fk", "created_date", "username") values ('MCMYAEXHF9NWBEY06NNDTQ38MAYAW3WBI6VUI0OS4SXVGJ3L2Y4NNEEYXDKHLP2JEPXVWLEIBFBBT3G7S33L5 U7NDV10 T9SQJYYQITWNM13G31 GMBAYDIBWFINM8NF90D0RDP235EMP 7IL8AQGVCTNBVS2CSCE8U7LG2CKR2KJ9QK82H17C48I6JIC8NVGJIDT7RG0U5YD KN9S6FMQ40I5BN613LVVV7O6IHJA4G8CJFNI4 T3HSTWEUXWY', 'Q2FYRF4 J8EMUS4CMBPWRHOMWIFR3WBHE1MV76026W8XUCIBKKLSX9RXE5S986ASD55BGPU7M1088S8PB6G1GU EHK9VE0L T70O', 'D97ID28OXRUYEVB6J4YJE50A5 DNR7XNHMF33S1RIXNK95E4WM9GCRWXOJ5KXT0K26MAI6WK81MHQYHFHLSX7TMOAWSD0ULYKNRF', 'AWTWJ2A3298D69JG1EFQN0YCC46CS9NOK5 I5SUAXCI8VR7LPM3IOSLNP9HEVSR001LGM874NWE69B5AI93MPFNFF0525HVD90OY', 'F08K70P5BY4WXAQRFILIWA9GDKLEQ48VCLNR6L07CQ  0IM6MGKC3PQAAPD7FH383WO IWX92DPQPJFVOH17SYIKUHHQISLG2Q JFCFLVTEVT1BS73WLNB5Y13WHR1TE27P610IEHATO0FDN3VLG5N549Q0EO YS2FJ16M8RV63POPT6IL35IK3M1VURKY7AERRNGKPP9W010KW V4WDQ8KWC3UBIYTGNP4 9V1367T1 BTJXL2BMK7BA346DN1Q', 'R04OJRD H6J QAM012TWVLVR7CL67TUGDTBGAHWJTO64QQ0HB 94GA3EJYR3K27YWWDEWAX8BMQL7D308O4MPB7RK00KUSJ83D83YURONBOG777PMWI6K6 SLVID0A8BXHBIQGL8P6U6NSSMNI60Q 6F61YNTIQ7OQJ2C5SBQSSL5G9PPGAONLNG77K U0HUVNFIMHO47WG0723RHYM5NH7JS73CE3Y0E  28UKUYGC30ARMYBGVPPRBD1U3MONE', '1073-11-23 2:43:34', '601-3-4 1:34:49', 9, 0, 'OAX7OGSNI 7OELUN1K R2B23OY6PUCSEJ0FTC 510VAQWS5QJS', '1820-11-21 4:3:30', '39VLUXDWJWQAJLWBQHJVP58PQYM2KI6L6SM2LEXL67OL8CUMBU');

insert into "connection_profile" ("title", "connection_password", "connection_user", "port", "host", "protocol", "date_modified", "last_connection_date", "deleted", "saved_by_user", "username_fk", "created_date", "username") values ('F8NV42VYQFLWMTGD M0HKIGCLTNEIM0WHCUVELVNT3OTQGKRMIGQQ3XOM05CTXLI82XL1FR1M42LW6V7VTOWYLLEF0NNQ5WCEJ07TG6HB9UC MN6N5WADQMBTO 61C6R0XK9B7S9CDJMK5623D0OYU66VYH584Q5BMRPVVAJHJ8C5OT5MFD8GYGL0 16OSYNX76YNBDEPYMWWWWLXEUIFRQ2U2 CFA7HND QJ UTB U0T1TH1MVJ4J92BLB4D9UM', 'FJEJUY3SD9XMW771DACDHWPDLNQWOL4ABCVIMMSUW4XI4EV21UBJK  F4JPONEHHMX22GNJGQU 9N7EC2W0 P8YKI63W9E5C2AAI', 'P3HH45VN6LV76NYQR9IMVED2F686AITT4KWA20IY7JI M BO38J9841EXS6YASSNEST6NXP8NCUPAKEDI 4JUP 6KX2ED7S0J3IT', '8QR56IO2SCLGETSKDLFRNE0RXAVQFL9 7VJB 7M5 0OF8N79254GBI1RSD99I 2BH34VFOFBW9OPXDNV2D4KK06P1SF0VNUDX0WR', 'PXWDSACSGUDKBYUBN64JQ3O4CS7WSB6IN7YL05UG5SYVM4CLDB6 FYOI987E70J0YIMTOGPRP7GL45LLNJV1V1WK0MR1SAHHC TLAV78PCAS Y0GBICHXU58YC1KKHF RVXX5RLA4ODW27 9I3AHCH6GLVQ5AIQHJLX7E25A6S6S04YWNBXNKTT UW2DJ0WW6SB7VG9HDEOQAND8GC0 U9WJU9T5K6E2J6447780GGFE3ER2UHTUA0CR Y8XK QN', 'COQCN4XI ILWKATWE0MNO46BNSM0EA5N3QSD0Y44O9PYN0U7BPFO54GYLTTCD60ADFRIDKNJN3U4T DYL5SLITJJHJ9M18TQ22SMIX KSJNPGF2L9B2EYXGBVKEWMY8BH7IYXLNUABAGO7KDQA8KFV7GKP6K4LXA4J631T70N8IFDUKIOCRXMQVYOU2FDYLSSVH4WF7JKAI69HR30WMP27KSM32PYKYVK8QIF1BU4P3LS0X5 JDJ2OEU1NR26KTJ', '1487-6-15 3:54:2', '773-5-21 2:4:46', 4, 14, 'JBPS92DMU873UYKW81SNYJ0QU25Y0US4UQD4TX9UCOJUKRQAM9', '846-8-6 2:8:29', 'VI7AM XGX2QYEREWURUOW5FTQUT 19S3TIYQ9HVPDM6WAKJF5 ');

insert into "connection_profile" ("title", "connection_password", "connection_user", "port", "host", "protocol", "date_modified", "last_connection_date", "deleted", "saved_by_user", "username_fk", "created_date", "username") values ('NXW992GOW4KUO3 T8HDNNBCXN7GC7YC1CX349D0SB22 0MVH1LVOWPBWCMEBBB5LEICAUDEUOM1D5WXAAOETI0I57SPNYYS1T1X715HGGTUE8UPY3NGNX6DP9QEI41R0UXONOJ65BRAU41P3WL57CUBKUO2BLJN4 VWUBYED8ROXINJ8BO2WS7RMM1U YY0T4MIFEH5DIAX7UMSSDAEJ 99MHBEUIJIIB5WE2VFHOXHQDG439XREJJA9L7UKF4RG', 'QBOP22F5VOW0D0X9KRLBLD JSY60OJEJILQGEL3UXIE33X99OBU JX 1A4MET S9O03LHDEIR41HQGLBADOXQW86MMNF23B8XVCS', 'B M4QTTPFWRCMX9Q1KD1MV6277VWR0N68SH9UTYQ0902BOFKVNGIO6AX6T48N7JQDQJ4QH9YUGRWRXP67MI2LGNBHPQTYF09IS35', 'XTM8VD090O96EE48BMHPMVMMXMSSPEWBQ6QHJQODQX9TELE04Q1QR4L3TK2796K9V EGR 7R84UCNEOVFDXP17LVJU 5BF S349K', 'QMULUAIYI FWFLM 5853NR04 36FEYG969LL1AI9W9BO43JNU7EWK0V1T0 WRC4HI8YKQHOU7L7NOI2GR7EXFTWWS4KW20DOQX4CPSHGCLR5H0VT06K6DX2VD2AHKIU82VP4KRISJW3TNIL1 8T3ESH5GM40B15D1SYKLO8F8C T3GWBCMOI6F5Q4PKA2F28GGLPYEAW5 NOI3IQ0R4O9J6MRDLLF79VDWW JHALDXV9C76A88N9XKPM1VRIRHJA', 'TQP1CT48KQK28WTK4Y3JO5KTVY5I9TWL7QQ12MCXKURALA9562C5RC7GEIWH2Q3VMNO5UYO2YP1FP 3P8V98YLLB414VCH80B3XGR1UOV2B16G7RMMI2OVYUTFHVJV6MRWEFJMNOSW01DSGY0N9C4ULHKN66YBW5RYK T9VYE92UGSSNAG95AUTHQWXTMWB2BDEC 1D7QF06DV79NPRYWTY3YI0CEFFMSCFA5S 40TU9U3O0L8IQJEFD5 7JV971', '1148-2-18 3:2:52', '1-1-1 0:0:0', 12, 13, ' K2R J8290XQWEGNIA5SEPQ4URIJBNEATJE6KG7I4HG APF1CV', '259-4-14 0:39:16', 'HPPVIN7UARK8WAFJX5TK0IMKWBSEQ3DQ0OCS65SH2 V9DB 8EE');

insert into "connection_profile" ("title", "connection_password", "connection_user", "port", "host", "protocol", "date_modified", "last_connection_date", "deleted", "saved_by_user", "username_fk", "created_date", "username") values (' K 79I9RJG8V3D6FICE2R9E5FJYAM8GWQ39PQIQB8TPHU6NWYA0MRD6SRCYIR2CVJ6R3YJY152VQ6FBLNTWHHD9JLSM5BG5GNDY3A 0UYGABG8WGY2VILHAR959LJVNIJFXPQW3HKC07UG7CJC70JJXOCXOIHGNV08AE6XEM9COW8K22C4TLL2VDQQA3Y1094T539G4UJ3E7DOB9K 1DR9WXJD VJ2KC8C60EFKM7IUEPLVJOQUTUWR89Q6TNNAM', 'EJ8L6KX10O45GY49UHG4FUEWBFGEP1YQFB11NH9IYRKV2S84V1TK2R2GPR6274IY66T4H98JV143OB3H112GS2TRP0Y HANWKO2M', 'F0CWI2O3FLM4PUS3JH4019UCTQD05MEN6R9KD9HU0QBBS9OUYA25NIOIL7HONHUVKBMAJWV7KJE4NJGHIYDCS2HRX4R92DSXHDNV', 'PSLKBWB7YJA5EACF7XGSUFR VCNF 2Y1U3FCOMYSJS0L0SFME9H2AYR19BQ5X262VXT P82CS39D0XEX CKC5QAL0XTC1XNQVIEV', '79NA03UT5JYYWCPXIQDA9GWJYL5475OAKU6UU5NS58QI5LVGM7U83YY1O4CTPNIPE4CDA4FN6OK0YSILNN8 3D3PQ4IGX3W6WPJVD6XEFMD1WDI Y96TNQJ0 G9BDAPALEOVV6V1C1LKDHS55FUEYOMCF6U1BOUK7299FK3CL15YIV9K5M U1IN0GEYPTDBDTV8BDIF38TKY9 WK5IUML7Y7PIUSP322S03QWSRYITURDVPENX7N7DX13 C4KA4S', 'TCOV9YL8VY5MC882U0UPHUMEJXTRFIQG9VRM1M523L B7PYIG6MNW4 1L6PO9V3VBOQHYLMXUM OGIWBR06OMT 53OAECQD7GMBQB8 5I1AJYD8DC GAB55H1IGED4PCEPM46O9WS2L3CO2G3OWFH1 MS MLWR9 64CTDMHAM03Y0FL96UGGA225 HTC7 9S38SAIGRAAFJ65B1E0GM3SF0JGMJBDTWBQINK087TBX85RNNDDIGIR F4E4TOAVH1', '1682-10-28 4:28:3', '399-12-1 0:43:15', 7, 5, 'NL5EM1VS8UVNWCU0W9TR6MEM64M9DCV6T74C2D6GA46111G2JB', '1681-11-30 3:54:17', 'EPHLMLKEUWAS12FYD607QNO3D5HRA8XK9KLVIJ6F5 JOM0L1V6');

insert into "connection_profile" ("title", "connection_password", "connection_user", "port", "host", "protocol", "date_modified", "last_connection_date", "deleted", "saved_by_user", "username_fk", "created_date", "username") values (' 8KVSKYDBK74IRMDGAOSGI85K TAEL1K9X0RE4OC9H7GV8J6 RIMY76FGBG1R9TIA5S5 30SNJ4VLTM9KDU0HSGR9619FSLQJPOY43ESE9Q8AXUUUJS1 P NH36JXWGDQKYI4E7DRADVDL90PTU762NL0UYVK0FIYUJI2YWH6DVE K SBW6HJNF X8 MC4K4IVQ1VCYWEJN037254NF4DVA2ODEL502303HP6UVEIUK4GLOVX5QXPSB1XDV1M008', 'RV2NB LPQKUAW5I8J4YA19VCAGYXRKUMC10D7A94E7KB87XR1VRGOQFN834B8POOV0E0NQX1MLIA66O9W0HKYTRWNGT8N7QPRTIV', 'XFL6DD1AAWL57SFKSBILSX58AXNV0RYH92GN QYYGCGRC696R73CC72G CTMKHTQ L9EBCCQPGIAGQA JEJ95RK7LMT1VQ LEGV6', 'MD13FKX3WBHVMF4PKQPQYT2R754026CRFB82FJDP C W8 1LDKHHAV6L7XES3GBSV12A3DMLE 7C2MTV9I UD3CFF0AVR1KJH41O', 'OXXMWVXG0LKXBBO8DVC87B JTGR2U0IPF4BI3UW4KVSHDPX5DG63OYKMEPW9N0BT7CCB HM9AJ6RM2I5Y 0CHV44KQ8T MM2GGOCU737KMUNX4K2RWTICC7RCLL8LWMAXHHCQ3C55AGAV98PMSYJO9A64LHFYKG7OMFFHVD4YXABXGORQFHRP60XG6UPEXAIY6T5RXC79 0Q8F6UJPUXHBWGAV7T01FPDOCGWBA8K6X RIXHQR26QKN5QFLVMI2A', 'YM9Y1OYOHCXPKGPL7AI9RB 59W7XJIAAXCG8K37MXN 33CIEU5VB6KEUTYU1MOMD3OLLBK490YAYPNF UN614KC80JCDP1VG3PJKVP 3CK7CFBSI2HK6JUMC6 VMRVEM QR5HU2MXXPP7 00MHR 3K 0WU40L3NV065QA0M4YM8XOVKFYPY 9HA31QC2QC14QM934S1VXER99YVMQ9W7C4C9PJASIU24 U2GMHN2L5UE7SGCXIV2DL15D87J1I9N', '411-6-5 1:0:16', '1220-11-12 3:10:14', 5, 8, 'XW YJBPLVFGEU34F71RE6 CSDS6FVFBKII2IT3NQAPCEU63YN6', '1082-9-23 2:28:33', 'JWOLTRYX9ABT18OP0QCSH9GU81KPRB7CV5QWOUT8C9SNSUUS3C');

insert into "connection_profile" ("title", "connection_password", "connection_user", "port", "host", "protocol", "date_modified", "last_connection_date", "deleted", "saved_by_user", "username_fk", "created_date", "username") values ('A28DGB6LUL4PKDYRPIU0E5H1NMNI54N7KLXEWCF1Y691RX5ER4YV2BX03NH2X15M9L2KK496S7HV29GEPGUJ4EQVS2L5X4R 34Q 8K9FHEVBD067D6TAQ02GJPTJXBTQ3FF7G65 IO WCIJ5X2PXUL3GGIIIEBJ5IU98M5K1L1WLDQXJT4UM930JWOIOQDCIYYWFTB9OQP9PPCOKQF6YG836IF85 HKW9HGK06YW92919K5AN92VQBKV97MB09MD', '2A0N7STV25LDCTJWF2HGOCRR37K391R482DJMGSJKG35K98JY5R489QWU3EKB0HU2CFO6VNRMI42CX0JMXA11DIHGEXBQN31VJ5G', 'G  KEH8ID7K6S67GXG45CB3WVTPHJT5JUO6UMB547GMEXHJ2SCTD7O7VU8S77F117JPCALRRELJM7YW01O7D0KPHBLN 0QG3HVY8', ' Q4K UFFK1FSNHOMWODA6WNY8QV NSK VAWUD82CK7F1S14LWWHKIQCNYKHIG07YX H 04H535TPNHSFK9I189AIKM8VRBH8JV01', 'TRDQ4PF2PAVWBO81DRR33FV89RLEWPIME7OPDIVERA5QDKDVP3 MV3BWMWAC9K4YK1NKFPVV3BM3AHP7BCD49FN8T2C2XQ8H0B6VR N0ENQ14FM6263E3WM85MWBVI8BRCOLQNI8LQD2SYIS1GTN5O3R72N9UTKF2J46FOPXW50 XDS1Q6REVLSLT3UGF9MPGI CORLBTNM3 MYQRIPQI2NH4I8UY4XYT 9B64JK36S368HO5SXY59H1LB4VI90W', 'WO4FA3UP2 JEHNU8TXPC4OA8OX 38X59U9I0963SN3ERXEKWX5R99R2YNYXOQBBJIQUMK0T60UKE2L9T3YVF50ANISXV1KDUVI92 JIO0SPL8GICEAGWX40KV EOC7XL64GL3AOYUMY1LU R88G3LJ9SICBHOFOYW8LU6JXL 62V29CB94DVUA2FJS45U2A5VNFVE5S57GALAXC2FB5G73KEDDUVFNJ57F94NOWYINC5RNQ1XDDHYCVLOE1ATB6 ', '965-9-16 2:28:1', '978-5-23 2:28:50', 6, 19, 'WTX815T0AW IA7CCCR85PRCU706Q9DUM6REQ2C5XTCJEI7KBCG', '1-1-1 0:0:0', 'F7QT5 2GL3V13997ULL1FBLM8DRB6PBK16VIVQVGRO XOVRPIE');

insert into "connection_profile" ("title", "connection_password", "connection_user", "port", "host", "protocol", "date_modified", "last_connection_date", "deleted", "saved_by_user", "username_fk", "created_date", "username") values ('K8MTVWHKQMKQVDTPV3IS8BRXCM33IYYW97NSV9NH 2EC3E4QXH HRV1L9GOPXI0A2M9GBS9D76KU7UH5N6H61AO1TKWVGJACYRQ87J9US AMCNHO63LFGJ6B11SN47BP64WXDCIDFNGGEDNXX9DB77VEA4 JOHOY9C4RFM F4EDJ19JGIWF7CJA675JFQVXJ178DRFMA5RXHR5RNYEWYLHVENN5LLMQVMNOQJKH91BKARN VG9GRJL6TUD SFKP8', '02QVFW4YF4AUWE9TJHWDTRCV0K3L7A0OYNC5JE347RKBGRGG02R812G7I0XCWA0INXVPOWK6WFAP9C4CH8 OJ8HQDW4 3HQLKVPM', '1GPXKTYALTS6CUG1AL694P2FDTC0Y5S6DUK2PHY7V0NCKC7NEX8KDHJKEGS06 N4HAYJ249ML426XVLYGGKOE2XT31RAY4GHFYLJ', '534TI3891O9OHEUXYXGW48IAAY AE50EQEG7FFRNI54UF4AW1TR5UU5DHSBKF7PWK0Y4RO23F50AKBAYPP9JA3L3LD4FWJPS7G57', '8VJPBRXPTRI0IIXH4H7YKY7QVNA90BD538UJCA7RCMEDSATQ88WXDJT0 U484GM84AU88XSKA5K2J6QYBUXG 5886AHEBKCL7DOKSM8WKVOD5DCGG8NMKJHK NTQS76JO1YTJY0HBIW1PPAL1J0T02M79O1OMKTB YYMU6OV2UX55Q7IQ HW4UO63AN1JHX3YYD0T4ULJX176LVCG034DKRGWKM07H9XO2HECD31RX068603G6C41L1UBRK8WPKR', '8OTEMCWD70LVRY94B231616QD6QF3X HMPH1RYGMX2UHAXQ6D9VLQWMJQBKQ9XSG904OB3ASHEG55E1W40V089HJ9IN2YFGJF63DBU5Y3TDE U Y HQK53Y9QLONP9VCK BML4S059 65DIUJ1NXL3D38MT6RUYDGDABPC0UDU9WSQK0P8C8MJ2A4QSP5AN05GYR0PN6SSPAVD3UPO2W EC32AWPRCYJ FVMPXLNOHCJ3D3L 7LW6BLLYRW16FU7', '806-12-25 1:53:48', '1381-4-3 3:31:48', 3, 12, 'LBJUXMU90K86LDTQ8N4ID0SY2S2KJJ1VG4X112GL8ALRXKMNWU', '453-4-4 1:12:34', '7SW47W2VFWMA7K6QNKYIR2LNLRH40LM4ON18BXJX9FRYO1DF9X');

insert into "connection_profile" ("title", "connection_password", "connection_user", "port", "host", "protocol", "date_modified", "last_connection_date", "deleted", "saved_by_user", "username_fk", "created_date", "username") values ('DSDCOFKFLT7C2VTDK6BAJ4QX93Q438KT WS Y2XUY7CHHQ192 8KNY4BMVO2CU PCCXYU6OGILYXLPBM2PF1UN C TKLL5RYQRBVO5Y6X5NBRXGEWFQLRDXCMAQ15PMFNU2SH1XP5BFN4A7H9IHGV0NJ6QY3 NF UHP75HSRFMWFL7FM0EIBF2V1HSOY S CFPEYBVQW9S8FXT JFP78GPAVQ7Q4OJ64QQSCC61LGO3YJXQR 8JPSRQ B MMH1WV', 'XILAJC0NLK3BTSG92GB7FS844V9YV29VNDRWWGBSY4QKK45CK1AUEXSAQP6YLR BFX6WJARJ7SWP5C0AAEA8Q6GWUCMGJWER7OIL', '5F254DKBVAD1EOUTXQR25LCVGIP3 Q49R74UJMP96LRFWSR1UU0J3WNP 7E6Q2BQ0HN6RH5DUYK2FL3EF07V8ASMAH2D16WW8EHY', 'PIBDWJKA75SIUYY79PSVLV13CV8O 0K3PT9KUTG31V8F7OX5XM7JB6SQJ01M0ITAJL37Y7FR1VNXBJADMYUBDR3DKYE17JI67YM6', 'JF2P453J143EKYEN97A 8 M6A9HRU OG5BH5M9HB  6K81VVM0K4SEP33L01WRDSG8LF281GG5MU297GMMAGC6K68I9WT8JHORRLI9F0MFBSM3C1L839BCEWHTXL1412APX4R6HYXQPCAM568666WJJOYK7TVXT22 JXDFY225QV8NKBD 9C329RYWTKDPTU2OL9R6P52YW6FKKS9CL9MXXF67 EC80RN2LV17LU5J8EJH5VC1YS2OYQIXJ4EWE ', '3QTNHRRVL0H6V2LLMT31FD23GBK0B43TSAK4UE7T78CKCEEIJUYF87GCFHEV2G7P6U25YJWRFJ74TBSS7AGCXOV1YMR NJLIQ8024LT1O 7M4IV99LJD80RV1UJVSED17HIKCM TMQ2AXCTQLBLDK5OJ0E6F0OP2MTBUIEH785YRLVTWB9MP5L6KHQO MRU78JME7BC5RPM0BQ2CXC450MWEDEK8OO 2O697VDQMQ3DI3AUM4L4UX2FDT5TC21D2', '1201-5-3 3:21:23', '1775-8-26 4:34:54', 19, 1, 'YNOSPFT235Y8YL7QLA3AWWI21G4JVVPRCOL NTX9RPRS7O YDH', '50-11-6 0:14:27', 'U8O G56U4JNVDA2 5GE4 65 I 3LXX1UN3TMR2V5JYF D4CYSY');

insert into "connection_profile" ("title", "connection_password", "connection_user", "port", "host", "protocol", "date_modified", "last_connection_date", "deleted", "saved_by_user", "username_fk", "created_date", "username") values ('EX22I1 93ANOR LTFVWMYQY8058QJ331CR 6QTW7ISNLL2K4URB8DQUCR03AT3QYQXQ6TF4LCJC9XYKXJ3BA6K7 VY9G05TW284 9I1KK0IIB1NH5BWVAOYPWK8SNYC14NHXFD24BUIM6DUWKYOIG600PI4B YEFWCNOEWM64U5BOQ87YPR35UD8EQJE3632QM0D3Q6LQYTOSGXBTHS O2 OD7NUTDIT7VFJ43A26AH79L13UBXV1YVJB65VTUTG', 'S1YAFH SQ82CU5ODN2TBPCAN721V5CYPTKLC0CY996BM 3HN6TLRUCD8YHEAQQ6BIFCXLM9WG7V6V54X49FE26L8W13FPVF0KRX2', 'H3H06N289NLT5YF4LSYF9OSO2VPO39XI6CFCT63QE132SJ9S33AS6D6KPMJSIJVF2QOJK62OOKFXGUUPBK29JACWPI9YOUOU6G M', 'OH8AEQKPGY6O1WAS1SQ TU2U8AA2195VA5MMN61SOYPW4UJ2J3IFX0F9KLT7NYH0UDEKJ4ONV63O4D9JS57HTXAYH0TPUO1P4YFV', 'DIMU5YIOYH9534BPE1O8QNPO5PS1YT2N7L7OTKE69H4EDW5DGJLDPSM8MCLV6O2R9 HAJS6O8GFJGVRVTS39XN87NTCP0VH91M31L1WHAEAC5Q82482G0H CA8X17FH09H7M0EIS2IE35URQ7HXWF7F9VUTRA18QYRI6NL4NJ5 CT8HKABPWEE5I02 8I2X1GSA950T30TS4CLM7RMU9X9RKLIX51ITJA2ATVPN1Y52VQ8H4EHF2UNURSWOMN14O', 'TBGLNAREY402OHE4XA6BHHFTAW2UE7CKST2CIFM7JRUWL115LSEK12NUINEN557V0NGM8SJOU4QP574YQNDYQLQKIMF4HGA57WJ0B3PCII4HGX0O6JB9GNHYJ7B0EH0HDUPG2LFMICWQDV4B2CVNYBPW8WSIO3SURXWDKC0V28KALAVUS2AQNG57FD25VY36YRNKQXRCMX3FI3Q32UBIUIQL9GWWABC9R1Y75N270C TDW8VV17DKLAM54L5114T', '695-10-19 1:40:43', '1087-5-1 2:49:58', 13, 6, 'QNGFBR6HRRF4MK4FVJ8K619W6RCKQ92EVK0TVWSXSUNJI34LLF', '137-9-13 0:27:20', 'DIPX PTEKSWS32L47W I8S6SFPVUND8CXE2 GST153WUFCIDH3');

insert into "connection_profile" ("title", "connection_password", "connection_user", "port", "host", "protocol", "date_modified", "last_connection_date", "deleted", "saved_by_user", "username_fk", "created_date", "username") values ('8PE4 VF9T4JTKUR83CVW484W8X73HM7QYXUGVO8P8WYT1KAFUWVNIASQB1KI GV6UFAATO8VC6AYRQV8PJP1N5 053JKBL3CLARRMR34AOKCL1Q2JVOFOJVHIYX3824N8PUFTHHPJBBI5S7CHOKLLSMWIK1B8I9E04LAT 2TT4PEWYKAY SO5YFWJ3RWP8WTJ1OOQ5LI5CBC0685PV79TOJ 7RIVO7D1O58EGGTRTAC5IQJYOM8CYA8LG26P2134', '5QX0U3T VCNF2X49GV82Y9QR3XIMFG3UW8G8P69VN KQDXDCDK4MTD L76QKDYL4CVXM3GDM7FYW650HHKJ4X8H4N4WJGE9RAJYM', 'NETMOQG H0T6P5ID59 VIESQ5YA8BB3IHSTISN3SIGDVGKXG2B97EP NMS5G3ST2RH0Q61ATFN8WJ3MUNMYXGIT27G9TV101IOW1', '6KK5O0LKJ6J1G2QUP531YP1KU7OJQDL5WREKHFF3543V1NX33JPYTG8R2HUH2ORXB DMH3VM272OUCRQQYMKNS858MIV9PWODT6D', 'D9R81DU97 NFO69R54 WO43D23U81 5TU5L7KCIIUAV0S1CFCYMRSU6L47IVL9983P5Y9PWE96K9B40BKGY CNUH0EBXKKS3W291L28G4Y68EEOMME6C92U0 1E5X64I6HEFXRS4B1MFWHPBNLX278Y3ONHOF0OG9EIIARUR40CNHNKE32GONY0IWWS3MOWUOE24LRSK OC6LUPPM H8WPU SM2DVGAG984EH0XRQW6QFLN08NC3 MC3TSMW87B0', 'BPCXAHAH9JCK7WUSG4S4MIRUTKXP2QXF0SWQD1W7RPQ5R15GDQF0NO2O71BP MCOIJ90DJC6399GLURAEM L077GM0LTAL XS9JM3Y385QLS3JARPRVYWU5EL27 65HL3JFS2TP16TWUDYE3LA0I8Y NY13OQJIUY154MEO6LBWRBOQHSFV4RNP9TSPNPJSU5LDPXKN669T2MT127KH YMH6KF35OP0OR7F UV7GXUHMS82U2CDS68EAU6RT07 B', '1263-12-22 3:29:5', '1281-2-4 3:23:49', 18, 4, 'KK9RUCRUK33SIOPOY69NKWAKGPYR7U5VA2KFPH9WHJMBMYSR7Y', '957-3-24 2:16:42', 'EPHLMLKEUWAS12FYD607QNO3D5HRA8XK9KLVIJ6F5 JOM0L1V6');

insert into "connection_profile" ("title", "connection_password", "connection_user", "port", "host", "protocol", "date_modified", "last_connection_date", "deleted", "saved_by_user", "username_fk", "created_date", "username") values ('IBXMP1IHFIGX4KYP6NUANRT2JK99H H HK0YYRHHSOX9GAWCQKJWQRLOX0PTG 0HA18CH1MG3LG5R5UM74AEWJ LFC314M7EW2V9B0R QAEX82B9P7ODJ3BT3MG0I5JDK5QGAHUMFVIDPMVWMVSTX02E81E7FGM UV560USR5N7QV 21NB750KN5I  JF21QJ312U8LR53BK73J4QY38KNMVU0XBU8DYRPS3YD9T0TAWXGVI39496VF9DSD8TSCY', 'WODWP8FEF UHPCCAICYHADEPGMXGR9M4R6HAP241SNR 8H 5NV6QAQ4K03GU58MF1WXA VP3RVMLKTB84NVR25J5FVSH2T460J09', 'RE EFANQPPYQJI9JGLAA8651SUI2 TILAQ6S16F9J0A9PH W2CFK9ET6SN7QSGE09UW5Y9UUBA1EA5HBNU8 9MVSKL2IPBN9Y48K', 'PBAGNM8IV944PJT8UUTFBU6GAVYQ9V3BU2 SIPTV 41LBITMJDWAMKTGT8XCG1VCIYCRLXMLRCIC79NUNWCAPD1GEKUPP7USYASD', '5T6 DGOEERUC07WX6KT3PGEENLAFOKL5P5CWIQHEBH I4I03 C9FOO0A9AD5SONDMI7IV3SO5GP5B4KXGSJRAC23YBSQ3I33W8XP7F20R6MK 88UQV12P7N28CY3TJKPPU6O4DV2CDYG6ON45NRSVPRBY3TOY QEM152X4QHEUEWV0GYFE4SJVGX7IUBBOBCFNLXRK8PNN7GREFGHK5B6EUTEN28H51K7ORPH9065W529OAMIOC04Q3V7S 1UJN3', '703R1I 96B4U2FLPWGLLGJNBNGTPWUGK2BOD1COVI6NFGJEHHSQUN8EY6RT77298BM3F1W ET3DISEDXVDWFEMWS VX6O2A15HO12BNU8S8NOEDMGFTM4PDBTKTWRKEH2QDO GF787NTIP96TAL3064VTXO1R2I5TAM7AR69HHKCE30YWG0Y2BGT948MQMLDH7GYFENS0UH1B LDWNBO03RBVGQ5H0MGDRCLJ5SH3PG2 F0NAM97F5DHIF IMNLO', '112-4-24 0:17:31', '131-3-17 0:15:49', 0, 16, '8TA9RW8ICP9P49MSAO6QSYBJKBBOTQ82EWRWVX ESP9LF28TGT', '404-2-25 0:56:47', 'HPPVIN7UARK8WAFJX5TK0IMKWBSEQ3DQ0OCS65SH2 V9DB 8EE');

insert into "connection_profile" ("title", "connection_password", "connection_user", "port", "host", "protocol", "date_modified", "last_connection_date", "deleted", "saved_by_user", "username_fk", "created_date", "username") values ('VUBPBOT4IJ242ASEAYGV5GOVK51E9AKYJQ4SN6CNT842FFYY4VW5N9XA845CUVS0QU6JGNWF9 GXKD48O OIJWSTCVJ02ER6NP1N1ENAJ NDUA17AGKSIHWU8OGO5C9CT1R5HIR MNPFG0IPNLYA1Y KH1R45V3C0SYILNF6QJ9I9 CKNVOODSP30KTIWS4WBXQL24UHDCHH0DFEIV3 I4THW2ICYJ6N2OQPA 9DCY L6XNUQE6RAU3NNGBLQ863', 'NLC8N4CTH8UDI6UFCOJSYSUTGJUHLF1I0FSHGHV01UJV6KYI5LO8G8K6G01TLHD9QPBD1Q7JKVWHAN1NQAYPPBYUL4I4ICDLRXOQ', ' L2SMGOJFQK9RKDCQJ94SDYUXB2WBIGS9W6HKRSH00IKU 72GHDXWM6J1 54QN AFD7YAAPHYTWGDCDO29LML70HUR NMB1LRDFR', '3XY0N1LI9CXEXG3XF XEB8SV1LVDC SJHIPSSWC3OIQ7UU4IV82PLATTTFA6JMR2JN814AV1VLPLOHEDH7M64H2FL71R7H9QBFF8', 'B9G9UDO76XI0NCSD2HTXFUBUJAPRHP QFQ0U8TX B852 ISIXV4IXFPFOPSUD2S9HIA4Y2HOIEGD213S5WEOBTI64RF68S EN8O61B2AU7AGHCLU2QBPY1 KNA9YIMGOFP4I8DFSSN3AMJ67CQ281RE1CBHWH23NMT1Y6QEY1RT9NFSBWFCDL83UL1S077VO9OFV7JTMMU 3HFEIWGFNDHE61RITIRQ2PJTWIKJDS9M0UL02UO2WV3O6JYD616R0', '4DC9IIFUAM00V79 TE5TMQPCENAYJLK2MJ1F4IIDFB8UBOEFJ3V7OT8U1 I7GLLP20K1T 1FOORYDYKYR0SJIYFR6C1CA UJWOIEWBXBERP6UOTF2LSBSFQUUUSWRUDCUJ39FK98APSPE9DODGBHY4RREQ7QFUEWYR0R7I28BV75GPDETBCE8L11FH97LC4UJPHFWIEBRRPI6P25U5DRM264TNG1ACRQ5UA7VMFF42K8JLNH7 GQXFTDS VBFJL0', '645-8-31 1:26:25', '456-7-24 1:3:35', 14, 18, 'JDO6S5 UJAWP S51TJMV63A55XBYGMRT6MKW6WOO92DW0UM1BV', '530-2-22 1:33:43', 'I97N XNTKBWX09B9 OEB77UEMVXONMHGYSA2BVC7YL3EK7MHHA');

insert into "connection_profile" ("title", "connection_password", "connection_user", "port", "host", "protocol", "date_modified", "last_connection_date", "deleted", "saved_by_user", "username_fk", "created_date", "username") values ('WE6IGV08QC J04VD3ECTAFBGYU5NCN3QQMR3K3DCVP8BL24EMXLHVYCNTGJ9S7UWR RYCLQYFEXHRHB7P9GH7A1VHRGLR0FTFAX1D1F4CVXU3SI WRYV7UAOK9I9QSWPKKLK OVWRRIQ02QW40P7LQ0KWOS71XBL4XMC8GJ67WJTN11 KQSDVQ6WLYVVQIRHHNCF0YWTF8E603L3ORUPA8RY12X1N8D987PD1FFJHU1DT9G4751XYCTXY7NWEG9O', '09DKPP 9ST0DODXQ6R2 MTKOPBHK9Q7VR5D8BYDPE8T7TIOC6 XMK7189A41QWSHG4BKLA7SKMDI9MUWR0OSQNAU2WSWYDRN2KBG', 'EEJHJNH JA2R RF VC3798261KVAWDKVA7FF96IID6JU 3W5LW 0G6GVV0QSO0 N5CG3 7UWKY3B0HLN9FE6VHP8R YH95FTX7V8', 'FAB7MM0AHGXPX1A1I4OH9IK2SFS544SB7KVAYTEG3HSK759V6AVP 2SEJ2YWL69LQGPY5G2L5Y2YI APAMUN8V9JFKBEK5DS4 1S', 'IS8609GT5M9KAPM5H1LIHCDVDBQD4IXON A7ERHEHM R15BUTOV587X5YMF3 HC29T1W7TLIY4F 6Y638W8X28SU3SUFKI43S76LOUSF 7Q0KUCSA4MEMPIPU WXMKEL05V1VW2C70L3T7YQV0HIDIKDIF2FMEBCXTTBNRICNW7TD16M59RKJ7KEPL9BXC4YVK80MS5FIEB8D091KTYB3027A01ALE 0EWW2715HC47QUHGIUR4YWTR6IGFGG88Y', 'PVQHCK9C7KL6ABGRW25XQ6L3QC0MN6V3AKM 9N3T483J KRD6SI8DJ8EES1WCA 7DVBWDX5G88 YXNXIOO730CEFTKKGQI8KNYQT61MS8SMJ7IBA6FE8J2X49 Q2T31841AO1CS8 DYOQQCRUXQUNVJDCKAWD0T71LWW T 6SLG94NEW44GJUK30W1FIWU0D 749X2JV263LU50IN9CBDNEP26WVSU3KSLXYIFSFN2FA3UNEFLMJA7D29 1E4XKH', '1-1-1 0:0:0', '1642-8-23 4:18:9', 16, 10, 'B6VSJ6XW6Q 4SCHLEM8MA9J8TQCAQB6FJEK11HMPUF7MUMTAD ', '1198-12-31 2:40:46', 'HPPVIN7UARK8WAFJX5TK0IMKWBSEQ3DQ0OCS65SH2 V9DB 8EE');

insert into "Session" ("session_id", "username", "expired_date", "user_ip", "username_fk", "date_created") values ('CIQ6RTCWGP3HWIVV2E4XCLPGLMT58 VO95NOCRQ COSS O80LNVUW6NIPRH6DCC90X2SE2JG91UK48CRG7T047WXVU U45K3B2L2OXDP81PN LC28LJXTGAEIX9IQVFULGUX2QCL0LVVFAV692N 5V8XRTDER5DG3MFPU06B6AUWO03TOFTHGKOYLUBM1PACUR1NIE1J1D7B7KR3D8PLDT3BP459OHPCMQCWWRP9QQJMQ14K2N2FW0H8NC', 'DIPX PTEKSWS32L47W I8S6SFPVUND8CXE2 GST153WUFCIDH3', '1487-7-6 2:49:4', 'V3T61GBDPBYE3QV61YX4JJGAVYO2BF7QV00YMURJSCCD2GCUCK', 'D7M5V61N730FPTN24IF1VD41BK3D49G6OWYAN6TTBG03R1YAAI', '681-10-17 1:13:30');

insert into "Session" ("session_id", "username", "expired_date", "user_ip", "username_fk", "date_created") values ('192LLO003I24E 5VE7BIW37JL09QDEOW1IU7IYES2GDLXJ 0IF9BF22C47XPTUVTCP0RK8WV2LIIM6P1IH4YJ7N9GWOUF13R5KRTAYHQVOEADLJG4IU0MNS2ERN5BV 3OON1VXSJCF7LJUJE2IIBJY37UH4U6LYT6HFBYGC0FEG71FHQ4FMRR2XUOJR95X8KXF7OQ7FN 4W0C6 X34UH8CGPVFHY WQO9RB9X62J XM5GGD4TC7PFLM8DG', 'DIPX PTEKSWS32L47W I8S6SFPVUND8CXE2 GST153WUFCIDH3', '473-1-7 0:54:0', '1WOIAU2Q848KD3HHF4F4PY09URJD3XMR1CSAEDSGE7GQ39I89J', 'G77 3DGT7C7L7YORCMU48LMUTSH0VHD 8LEERDGETH8TLKO29Y', '935-8-6 1:49:57');

insert into "Session" ("session_id", "username", "expired_date", "user_ip", "username_fk", "date_created") values ('HJW293JQFETW4FE7XUUXV36Q VEY4I6X7UQBDF4EGM786P93GGMPCB0WQHP1H9BYGVRYD0ETLJDHMHMQ3MABKWA8ABES0XTO8QTOCQUVBY7BNHI61 1NYLY6T84NQJU0VRBM77XFET2U723CQFF1VU1 OA1EHSFVYD4BLN57V9VK19G1W0P7BOHTKMT9Y1T1E5PP 02U3J3DNST0LWJB5VEUGMNTIC46DW14LT7WO2OMD BX3F6W TV LR', 'X2TG00KI69JC 15SJWYVPB89HRRJE5I8P6X LW08NC4OPE C3O', '750-4-10 1:24:56', '6GQ I2MBIMXAF4CEJ90JCJ5LEO8V9QA3GCOJQMIT PSDP03WF ', '8YNBFR4NPK YT YYHLEF33S9WCR 4KLX6P8M491MTLW9505S9M', '854-2-9 1:40:47');

insert into "Session" ("session_id", "username", "expired_date", "user_ip", "username_fk", "date_created") values ('A4BDLY9ILAGB7TGF509U8C02DV8I 7IP1KFGGTU1FDBCNYNDJO62UQ7IFN2PW91AO0IK083R4YSH9LPRG4RXDFSJ6YGQSX9HJO5DKGC1P 8UOWCPXCGF7P93Y 5MVTIEI7N5GS4DVTRCNXLCOOG6PR9DP9O0DFIB O3W2BAJQ8AFXOR3SURH7PTKTTB9K85OVJD6S2 C0GIAB1DF004A5H75807DRJN3NM5B11MSW1XPLTB0KS4600YOHO', 'EPHLMLKEUWAS12FYD607QNO3D5HRA8XK9KLVIJ6F5 JOM0L1V6', '1-1-1 0:0:0', 'GJE47KIHR5C8WQRLF3LGY1QAR6TL2UWG8328TG2JWRVT9DH83M', '6ED8G1GLQCPLMVSF5E7X2FY22847VD3I58FNHXTYE58011S7DU', '1533-9-10 2:53:28');

insert into "Session" ("session_id", "username", "expired_date", "user_ip", "username_fk", "date_created") values ('5XANJAC8V8B1W26 S5NPRQ631F94XYJYV8IOK7F1QH3USH3O5RBC3J6C1YEH7U HRATPTV 3QCW3IIIYTCK70LDAYA Q8DV91NNPLJLXPNBEOTP1E9AQJ646JOKDNTTQPLGJLLDF61X715MJANH8WQAJ60SVFHYOK2P NI VINCXQHMGNA5 NWBF5T9KTY D4M Q 2K0TD8T5XN9FIB3MG48HANNCV3GQHRE20WW1Q93XQ7SCF2MXA7SXA', 'JWOLTRYX9ABT18OP0QCSH9GU81KPRB7CV5QWOUT8C9SNSUUS3C', '1050-10-13 1:57:46', 'C 5TKE25KUO4CS1GSNYK9GY1BB30WMXOQBU14A6C3F0T0JODIU', 'HV3KWXV0L5GR1DBAJQ2TLYL6L7XBJ4VDQQIA14L0L0QUSBI65D', '298-2-24 0:33:25');

insert into "Session" ("session_id", "username", "expired_date", "user_ip", "username_fk", "date_created") values ('PBS30XJKOGNF63TX5U0B99YQHIYHKA4A3L9M09EECCQF6IORO2M8CDHTQMDAQEDHLG4KWB26DCNC8HTPLQB9J41PXR54T4VP1S0A0CXSGO N6QBYOLT8G1H39JHHDWID7BU760APBHNYCG BUF876XGA0JW4KL0O RV TE54PRQ1N5D6WTXDE4CBEA8V1HVD9PJCT0BVCIQWJSXQSCH39ADTO5IR06CWXMN8OPDE2IBJ RRQFGUWJIH48G', 'SICG95LCJGAWELG2RAD4VJIPY3A6R37SV 71X8X1HP56ELNPWM', '1339-9-17 2:30:51', '9B85FQICTO9CA9TFJLYJLA WTV1E47J713 UX5S9IDNAS 40AF', 'OC232H 3TI3BGR1P0NGQEWCGW6RILRW09Y2VFEL3M25 V1KGPJ', '1077-7-23 2:2:19');

insert into "Session" ("session_id", "username", "expired_date", "user_ip", "username_fk", "date_created") values ('4Y7SGDYX9SDRPWPKJAFSUKSH7EGAI6DCOSWQ3KBXP6EXG44ANJY3VCUO1HTJXMH 5RTYUU1TKVT9KJ796T38CUO843WJ3QYDOHCP2A6QRD8BR9WY1WW7LEA6FDK13GAESSBO0NROHFPYH15RAM1DM3TJDM64TCWY9M4YKBXK7WWK2AXWD0NLBND5G9ODYOBP33N3HATAMT UJ4AN AF1AE2UNXHNXC2CMGDYB9LKRCOXR8A02SJB D5A1C', 'BM7W8JSL915OX 8QSCOTPTXC8M56POFB2Q9RI558GIBY8ALF S', '1614-1-30 3:4:11', 'I 348IIFIGISLT6CF1A7T9V74O3XLKWF8RIE9B3IE 5GRKAKDG', 'WSFN5PL8W478HM6X8V9HW8MC1ARHO87JRCMIJIT6YD  WP58QP', '1760-11-30 3:24:45');

insert into "Session" ("session_id", "username", "expired_date", "user_ip", "username_fk", "date_created") values ('KC XQEH58UBMG0 U7CC0Y2V1RHJAS35GF74MWCKRTJLCM8TSC3OJGNXNCXYF8RMC3C4B7I002513DN5TDHYHXM2G4H TTQJ74DLJB5ATN6870O4S5B47JPDFFF52SA5FN7UGXH46LLMMUJ6M0PYQIH7P4DRJIO0K992XQKKCKRG18F1FU9YP2J8JLCY4C10C4A4GIDUOPENOKFNJ3 GIG9DESVKHPD8KXGR72SMORO1H9KABO8I211VW6Q', 'X2TG00KI69JC 15SJWYVPB89HRRJE5I8P6X LW08NC4OPE C3O', '1197-1-23 2:8:2', 'H7PBAALY4RJCROBAWAT7BALMH6L4L9M5K4X4UPWUUNPGY417FI', '0OH LERHPOTTE12JY 55 08JES5ADOG0141DM30U5IOIO8IJ6Y', '1463-9-5 2:40:56');

insert into "Session" ("session_id", "username", "expired_date", "user_ip", "username_fk", "date_created") values ('AV1O59WEFY6NO0W554SPKE5S12328QQAJ7SSFLR2E6PM7JXUARLN9JGVNR0K7V 4J3HG0WUWP0KBL843LE74IK63S36JWC0EBSMC7NXP58M9K7AOYJ6QQMEGOQ10LCCKM5R0JHCNE9TW3TST1F31KVPDAW1TYB6I1QI T60FS86IGGJ3BYIF0O9NFIORVR3JXRHK5OB0IUND6SWI0N599LQKN5GIJCBDD4C4W47UHIBM3KUH5PLRVABQ92', 'CSXJQFS I1VICC90BDSPFCAO9IQYYSVR0TLTDMUK43HI0LBPV5', '1904-3-28 3:49:51', '5SJVV73C1X2XQHUDF96PSEHA6P8UEIH8UHRHYYRYE776B1QYJ ', 'TEXFPUWNHYCTXFLAI0822NH513S4HH0FIMW02NSTAS11BNUWWY', '1324-10-7 2:28:32');

insert into "Session" ("session_id", "username", "expired_date", "user_ip", "username_fk", "date_created") values ('XOFYJ4CARSRQ5SGB79BOUTJ L2NMS7F5PQAK0BHGGPOX42YYFA89WRQ VAOJCE0WD44CIUAH6VUBOC9U5KJILW4U6BA8U7QKL5AMB2 UP7RLVOFYHT5UYBUFB360LV0 10CTBPNPUJANBIC MRBSLFT64B9BF25OEV6MUY2TGJEJ3RMBUYJ2N3R8FQQRSV4TFPYSSATOEWJGXOOWCVNJSK5D5V35KQQ7XI38LQCEK59Q XQEFXO77H9269', 'LRT1IGFPAC6JR2UM1CH1IIM0S3TLV1JWKE5I7D24  NR8290B8', '930-9-19 1:47:34', 'NFWWCXKP YHGJ8YFOBFAEHGY8LSPSCXDA4TXYBRV8I5K9RVOMM', 'FRY7XYV WE M5VCOK2K9AW4EVGIFWYFWHD9WPPB2KLN51UMYXO', '1980-7-8 3:53:0');

insert into "Session" ("session_id", "username", "expired_date", "user_ip", "username_fk", "date_created") values ('4E8LMCN2B49LQRWQJWXNQ5FE19NY4DHAULRP4EG6MM7O 6D IM3AG4OIB0CEL329N OSE46IA7I6RQY6PP7RGWKCG 3QALVE3Y0YE RKWEQMM6PGU5LE1TIYNS78K 0S43COS23U9YX1TVPX 34WBQY7F8KLN JIV3TX466QJPQSFX JFS4E6BC HAJXGYKFUT2 MPYI3QAQB0P6SQKEAR60W01OQY7FRA8LDRGDN7A02I0MXITU301W0Q', '39VLUXDWJWQAJLWBQHJVP58PQYM2KI6L6SM2LEXL67OL8CUMBU', '826-1-7 1:38:43', 'TX20C01SJNSMRBQ1YDXR6EOP8OGMGXLPIW01MX6FTBMCLFAIPC', 'KNKUS55HD6EVJD3Y9X8CFNH0AOWMDHVAJ7LU2EPG9ALDP3Y4TV', '1867-10-11 3:39:6');

insert into "Session" ("session_id", "username", "expired_date", "user_ip", "username_fk", "date_created") values ('JU NO7NQ1W81RD6HXA4F3M2VX3TMH7FVYOKE4GSFPGSXXJW1YJNH5PLQBVHR3E0YUWI8SQTX16GI2SCKO8NXGF862CWDIT S9POR GJUAGEGCWCUU6UU971FQ1LXDRQ7QJQDX05 B1M4WM UTMSTWB8WFYYNED1ADF3 0P2AH2UJ0LMQH7T6P1G2QG3DAQV8UNY9KO YO6LDUBYR8  V1HIOTBYLUULEA0CH 0W6AA6YP7VE E7JBOKLEQ', 'HPPVIN7UARK8WAFJX5TK0IMKWBSEQ3DQ0OCS65SH2 V9DB 8EE', '575-12-2 1:1:10', '43I8POFT45XQ7TTGMP92R8SHBLB6 UCBGO 4AODFC8XDTD07EM', 'UC7RE2ABXF3AMHQXXL0 FCVIM4TX3YMVMPGV1K4VTK44F6E6QV', '1661-5-21 3:6:56');

insert into "Session" ("session_id", "username", "expired_date", "user_ip", "username_fk", "date_created") values ('8GSLQBEN LOQ3FCTP9WOM77B3F K SP9ES R5NE4G63Q4B8J0WRWPYW04GG1IGFXP1A2073E2IPSTJ2OR7M3VJK6J8AT2WW57CJ3P0PWXH2MA0BUE5XB81AWA0 K LXOQGNE 73DYOOVXS405A2H2NNM7N4VQ7USVVMDR2M1TB51F32NYWII2SQ9TP975HI20MDCD25GYB2KRA9JNXR73 85HE1YDFDKBHWKBS4NM52S4XGWRWB6CWBYCM', 'U8O G56U4JNVDA2 5GE4 65 I 3LXX1UN3TMR2V5JYF D4CYSY', '273-4-11 0:35:30', 'NJPWJ421AQFD1 2E5L5WM4F9I0BO7Y3YI9H72KAUB3VIWB8P Y', 'HE0FTA8462WKTV5U4BSNOX96DIWTJB2QLRJOB63N9E7Q7P HEW', '410-8-7 0:40:27');

insert into "Session" ("session_id", "username", "expired_date", "user_ip", "username_fk", "date_created") values ('3EQ3CORUA6F1G1U1TY3NRFN4Q3ADPTBU5QXRWA1SK7TPMEEU17FB04FFLFOGM81AW2WV1MP1VMWWN1W2FK9WDF DJLJ9U41R3FUXBB0XAABU2HOVS1WLQ8 56W64OUKRIOAQRH1I0Y1X UV1WH1NDSYN7J7I 5MGXO15 IOH8B9PYJF4KOLL5Q3CBOH1351M95564CI55WKV4F26O9S H6FGAB6IXEFPAQY2T8 K09PB6Q803V2N9LRRUE', 'U8O G56U4JNVDA2 5GE4 65 I 3LXX1UN3TMR2V5JYF D4CYSY', '364-7-3 0:45:51', 'HDERG85L IGLATSOML1L0TJQ7CUHQTQWRCU1NTY8QOUVKIL1SB', 'E6J VNWJ1MPSWKJLHUAQS6P8826DHKKY3VXM7NWUAJ624XP1RK', '1190-11-9 2:20:19');

insert into "Session" ("session_id", "username", "expired_date", "user_ip", "username_fk", "date_created") values ('PUXU5V0X459UAC5RQ0A473Q 9H VQRTST51WDUA8IY59FSVO267O2IK DKLANL18GPRA024YD4S14WH8B46VN0K7S6MKP2DDYV47UMHD5GX0YAFJEC LI0RT2Q4RTMOSV8N7BAFOM WJ772LIG 33L6 5QOGOCXW0IHBQE0VTUIA0MUB5B 3KGWO7WEIU125JK6X51B0195F949K3TDOV00VP5XAI32SUGYTGXHXWRRGLYT2D33DQ9OECG', 'X2TG00KI69JC 15SJWYVPB89HRRJE5I8P6X LW08NC4OPE C3O', '1726-11-9 3:15:35', 'YC20YH9VKR6J076DVGTE 11767US4 37PMJ0N58O0U TRYMX73', 'AJSKBGK UU1E2EG4RGN5QJFEWMIRMSN4H8GX H9LY2VHINH7I4', '178-10-29 0:26:26');

insert into "Session" ("session_id", "username", "expired_date", "user_ip", "username_fk", "date_created") values ('EITM 0LDF78EMEAWRBH01GAEL1PX1 71KAJBUVSNUPWIY6DF3C5VHAI7T13BC9K8N6BKQFNSYBOXPTLBABLRR V1A3XIRT IF5KGRKRG0IH 3UNLDBMIIXKO2B33M3DI5KHN33VGU24NENLHX TOEE1 P89G6HV3P5 IWQ3SR94LYLOE07IG3K20BTUIQ8V6F2U3D3TINQR43VHVAFUNCGL ID0XPJ4W7XK0RQO WJ666NULVDRSW4Y8HP', 'U8O G56U4JNVDA2 5GE4 65 I 3LXX1UN3TMR2V5JYF D4CYSY', '144-1-26 0:15:57', 'WHRFUHKN5NGGRRYOWNGIYPQFAEQ2OLGDX7BMRXXKRR3BPL91T9', 'KD APQF0Q9 YVOSH4MW8QWW53POMM5FA6VACSV0QEWMAJ5PXXB', '71-4-29 0:8:28');

insert into "Session" ("session_id", "username", "expired_date", "user_ip", "username_fk", "date_created") values ('TYGGLIHPIMC3MMG47DLXXFH9X1IFQBXXYLD0LH6SPWEHV RCK0TO4DCNT715RV1N1EY3METX2GA6WVTGM AR5L6KQQB17RMSDNNJJYDE8NDBJ656OWJWYFADOQ8NHXXS18  H4FQME1 T UKO01RSCIXI1PJ9KTE0QH4TW2 GAP42GF4F6EY8 5FS1M4KYLTVDRF8IVJQMUNX02QHY6X243HXU1POI6M51ECPC 98AXAB7EP7K02EQQ447', 'LRT1IGFPAC6JR2UM1CH1IIM0S3TLV1JWKE5I7D24  NR8290B8', '1282-10-15 2:22:8', 'K7TW5IFP68LX4Y443L106K 6W2H94J2QNLX6LCULMV7JPTUEW5', '86UMR4R4HTMQBNOGHEO JE0EK157EB0YHCU993U418SKPY25KQ', '559-4-21 0:54:35');

insert into "Session" ("session_id", "username", "expired_date", "user_ip", "username_fk", "date_created") values ('WJ2W U1A17GX3DHVISEOLQPWKNMW2R9J9RNVYWL9C90XFHVM4PNBDXXGHWEVIA3V6FGCJLKU1O66OOIECJU3 UIEJWO32X6XSHXES4LJTG1P4C9SSPY66D KFOO4ABQ36SQA75 IGMYMKEUY4JCVAUJG 4WP8JWFJ4SDWPXKR L8C3QR 7LO5098Y24OI1HK14D8G8B7KDW1B24Q4WJ741YO78F57P4UXEYK0JVIPF0NVE229LE83F79M9', 'BIV5F06L942M9G125U AI5B29E27XM0MJNW7A2B4HQP61YFDAX', '699-2-17 1:16:36', 'M82JFL739FW9LGOV1MBH5H5822G7MQ T12APP5PIYOWLHC4 J7', 'UWINYSYYOBQEER58C3Q66FJFO SYBEP55D72LE4CER6XY90XG8', '781-2-23 1:20:26');

insert into "Session" ("session_id", "username", "expired_date", "user_ip", "username_fk", "date_created") values ('790S9BGFD77Y3B2RHTXLEI58LPI6D34O0E4 3LVMO79272LT3HXJOMMOSPCMNXLYT27EL0J88QX BT72UQVI9IIP1I2K 81FTXLJIISHO3E67CWR3UA7C NXMIP612FBFS 9FQ HYTJIJ3P4H68QTGYW2AU E6TVHNRWLYK98IMAN3M9VA8LF3D49JJ2AX92 NQ663 Q1 I6R3R8HWFQNMT A6EQSFTY82971SOP37LATG8XQWHHRGBQK6', '3CA27G6XGYCFYQQ7J3N5BM7290SK9PISDHD10UBKKHY19NOPSI', '1821-8-27 3:29:58', 'EQ3C3CE6OL5AYYL4GIQKI72RB71XTMI1Y8MMB00KHU8TUP4Y2Q', '9KKYEFD4BFBS7YUTED2TI23JVQJ8Y0LHHFNX5WAXT7UAI1LHOA', '1-1-1 0:0:0');

insert into "Session" ("session_id", "username", "expired_date", "user_ip", "username_fk", "date_created") values ('MURCNEUCBIV86YG9S4J868EBJJUOVKSSUKT3W5Q3913D 3GFJLG3QUGAB1P1JKWBAJDMRY0244XQPNP5T0VE3E972KYXER6APSLNFD57CHFKX43 43V6JIDII01DL15DDPIJ5YWJ1BCQAUSOJ0B3BLNW S4277NC35T8737CP69RF394K9UFP195BM6DH P76D3EX3E G JT117CERV603M8UPXCL1Q2J MBN71 W5CRVQOLLXLYN G9GL', 'X2TG00KI69JC 15SJWYVPB89HRRJE5I8P6X LW08NC4OPE C3O', '1487-7-6 2:49:4', 'G45WRC81M60CO7WCSB1TF Y0XK5X65ID2KJ2W7OBVLBFDT3RU ', 'LXRHWHNOUQ MOIR 0VIXA4F6J29RIF5I4VNHC7XKJ4BFXR3H5L', '681-10-17 1:13:30');

insert into "log_note" ("date", "message", "connection_title_fk", "created_date", "title", "type") values ('295-9-24 0:41:52', '3JJ5BF0CDPC93413R8YTUGO6P F20SNUEK0NCPR48DFUCOQG5 DETD7ODDWWHRRV3S3XXK7OCYYOBKSD C3CNGRGUN YU8YWW7V3 DE1OR8XUK82Q423D0M5CBG9FDWA1B6WJGOHQGHCSCBXGH0RYC7MNAVDNCHHD0KSK0OEK6KE1GMKN1F2EL9T3UILV4W65KIT55ACRF98JC PFQMFTTVWIPJWKOO4AO5OCXO1F40K8EJ6FYMU91C4A TT7RKB', 'IOUGU31A338VE36RB8OU3506MXD8ATS525ITL5RITYQ86JXRF1E2E 39OV64I0XX3HOHBG2P0V6B9GNHF2M3FHJP5QHKLQ4S2J2BQ6TQHXO0BD3WKV12UUB 3STBNVSR0IBUKC3KGK4UVOB7MC4UG0LM NHQTDK5G0R6KX7DQM61MPMPWU5X XXDXEJU9WGAG4J7JSVGNDDF9NKU834FAE23HHTC67NSM8LBBQ A3HVKGN29 9V5754UTT0KSUOA', '1534-8-27 3:34:45', 'NXW992GOW4KUO3 T8HDNNBCXN7GC7YC1CX349D0SB22 0MVH1LVOWPBWCMEBBB5LEICAUDEUOM1D5WXAAOETI0I57SPNYYS1T1X715HGGTUE8UPY3NGNX6DP9QEI41R0UXONOJ65BRAU41P3WL57CUBKUO2BLJN4 VWUBYED8ROXINJ8BO2WS7RMM1U YY0T4MIFEH5DIAX7UMSSDAEJ 99MHBEUIJIIB5WE2VFHOXHQDG439XREJJA9L7UKF4RG', 'TIH37PRE5A480 AJK6PCG1LRKE1IY2T57QW1ROKNMV JQ3BJQE SXT8DXCT3K4RT4EX8Y4MWRUQ4MBSV 0A1LYP0X8VKPYGJ7TW2');

insert into "log_note" ("date", "message", "connection_title_fk", "created_date", "title", "type") values ('1402-3-31 3:21:39', '4GFS98AD7K4U4XO1SKA3V39 B8 N96KUMD361XWBAJO4733H6PAHSTI11DI9BJ2 6CNJTRJ3C5G5K RUU1Y26U92FRN8XEN5RPG7UCG1NX3B9MXNHKJIBTY 04DSO87XY6I7B9ANXU1NEV4JDP05E9BVRMHR8CW2QWQ6J VKH8FV6L4BDA30QJDXASKQ717FODQGQVDK6V8CPI2YRKBOL0DKON VAHT3XJ 1B67ODY7187BMF61HDVWCKIU09QS8', '49MPRERGE0RKYQAR2V KKTFTJMHJBACOLD45QEORJGTBJTL9WVVTBYMDVMGU3YP07BD258J4XPN90SSVFONND0L0JVXVE35EQ3DL09DNL1MJ6DTT7 AHPAKFRWMKMYA7F70G9TJK16VYY7 J61IEA4 ECM3J3M2X2IV2W4MAA7C 7WUL ES67MNXLAO1A4N6YCCI09JDXNROVW9PN1G6GUK5DNH2LEKS CMIMAGI3FLUVKBQSCIG5T1D1UD6H8KO', '1923-10-19 4:23:6', 'TGQYVLETY GAHPG0ASGXXSI3G9B2J NEQPDY42NCROU6706K3V8J59GM6JWLMEHCBQIW4S1UJYXPND613L CCOGXL JEMWQFHUG7VUGVQR18WQ 2GW9001Y0PN9JJNVAKJ0N62T 29 KVL3CKU4HCXCXWQPJ5MJI1GIGOV1LHR4V873C2M67BM4HSOY92B9LRCU9RC509OCRGHNIYLL1P0QIAYN0L PVU7F3K84HYO19RXB6HA053OQNK90IVGHO', '3E8KB4WQTPRLIQIHLG5HF S9QQD447EY07EV4H99UR3DG9XOISG86CIKI6P3MOAK4PYK OUQVBFJ351CGTCF3 96EDJNEARO9HH4');

insert into "log_note" ("date", "message", "connection_title_fk", "created_date", "title", "type") values ('527-8-30 1:17:47', '2SNIK33 X VO07JJS6CDEAUX263NTTF8AUP6WP1Q90KJ90M7Q1203A96XUEYSL9MAV 0R0AEDEBNCWU6RKXMWTN3C39Q V52AGYKJWEKPY1NJ6O8V3B49QNV1WYF7CAD2J04S67 ATDS8YW8KAH5PR8TCPH6EN2KVI8L LUIOOR1TBLBW6GWPLPE1APSG96RK6JJOPP8YHE0Q82NHBYAWTK9GV7NAML9HOL7F2GDPOA GKYLEKLVTVM7J2DWW2MI', 'IMNGV4ULFU5W87FPL6VQGEQ0HD0MIDO GO5CXLGM2NGW  BUQO4DGDGO66VB6H8Y9GOWWFASQ DL5 WHEHODDGE53L7S24V2W8IH0BOGODIDT9H3DLQGF81BPEYBQOGTXRQ3HS63NRA94OJDVHAXU7291PYPVK50B57DMBODYJU 61X5RY1SXSI8P2SJ31FIPYLNN9A2FG7W73PCC8KO CMLRHSY4A D439WYVH6EN2 CG93H06WB10WTB3UOCWT', '846-8-6 2:8:29', 'TGQYVLETY GAHPG0ASGXXSI3G9B2J NEQPDY42NCROU6706K3V8J59GM6JWLMEHCBQIW4S1UJYXPND613L CCOGXL JEMWQFHUG7VUGVQR18WQ 2GW9001Y0PN9JJNVAKJ0N62T 29 KVL3CKU4HCXCXWQPJ5MJI1GIGOV1LHR4V873C2M67BM4HSOY92B9LRCU9RC509OCRGHNIYLL1P0QIAYN0L PVU7F3K84HYO19RXB6HA053OQNK90IVGHO', 'TC2DKN54NWNB3QBU0HJUCROL9 76WFDOI0IH2HHQFXTLN9MWWD3HT8NFYLD8  S 044M5WFQQHWEUGBQN0 7Q3W8DU821UOH823F');

insert into "log_note" ("date", "message", "connection_title_fk", "created_date", "title", "type") values ('1123-6-22 2:44:57', 'M3WP77N3DT055L0T 1B8HREYUUBX975 GX L9J01UK81A23I18AEYBP3OM2L2TJMTG CPTUDM0NWYHR1I0RD1SQI9E3LGV4 6IRSA7 WF4CNQDSFPVEBHAFMLFVOGBA5JCUEQRIOLF8U837UCRQ30U107DQ6A2PCHKNERGRSUQ0M3 BLR Y7FC1E5AQ61UCY16AK75ELKB4X09O5SB5QJL8N0MPBYCEJTOODULDIKUT7N285TV4J5DPUYAAY85ET', '9XHRVDYSTQ YXN9PLAXEC1HU3BMNI7F5A68ITTP71O8454NMLJRTGD898P2LES5YU29458 U2UYGB7LF MBF2 M7G2XF5WWV7435CGCAD1YMT6NVPT 5ORDSIDGNN7VR4B4VWDNAYHYVY5LUBS2JREGDP1PEQBGKW1F7BM RDRC768FGVNIVUM3FTVGEDSCFB3WP5VSQQWB7VDKVXV31HYWK83D4F KPQM7MYMPFMBX4IFLJNBFLAWMLTBSOYABS', '1258-3-9 2:51:30', 'VUBPBOT4IJ242ASEAYGV5GOVK51E9AKYJQ4SN6CNT842FFYY4VW5N9XA845CUVS0QU6JGNWF9 GXKD48O OIJWSTCVJ02ER6NP1N1ENAJ NDUA17AGKSIHWU8OGO5C9CT1R5HIR MNPFG0IPNLYA1Y KH1R45V3C0SYILNF6QJ9I9 CKNVOODSP30KTIWS4WBXQL24UHDCHH0DFEIV3 I4THW2ICYJ6N2OQPA 9DCY L6XNUQE6RAU3NNGBLQ863', '0CP1XSK1XR83BQK9P2JWDF3218Q881VQHSVBDYP0O20DUQF0P8ISTVIUKQH 098IUH9TH0JXFN NB4H1C3I2NOB2PB75NS7X 6YH');

insert into "log_note" ("date", "message", "connection_title_fk", "created_date", "title", "type") values ('233-9-1 0:32:14', ' WJYLIV7AD4NSE3CP8F269S6MJY44P5M52C4BGEFMEU377PPWCIFIT5Y61UEXFQ KVEBXYP40UK0OCSBDJGE3IMQDWX6YMI3WDPLECVCHYOK1KBFMMADUNH6FL1DKH39H05RO07DJFBI6JMGNRNITJ6352NM53FY1QA7S3DL7EFBZS8Y0J3H1AFGUL372JPVXRJ0SQ7K3CP3CS NTYWPI1CEDXI2TOER T3VQ X0A8NL9Y0FOD48EP6834RRUCBM', '29TSDAP86TWWL7FXNBUQWTDHYKWRXW7CQ0 S080N2MT4MD9Q4LGCX1KALBNUC 13M9PTJP6DIF0 6KJUR85X2QUB8CRXBKW AUSONT0897MES808URON1 6 TXRRYM73O SX4NK9JGJX5TR254HDLTRTXQXPC MODB4PO68J60ERTL1NXMSLJ63KMSCSOG32EVWT38MFH4RQJTGG20OFMU 5HLUP5NVVF21R9MQDCISD MW4XFYPQJIKM 3TY7GS', '404-2-25 0:56:47', '2S6XOFC0V782C78B11QK2QBGRTP8J1W0GJHBGCH8BXRYPK212B20GIGSR75LTR0LR8RA315ER47VN98D3YBRJBIC 6D2FC2K 7B7NN53OTV5C8A28U1HP4V9FSESC1OKCYXWXYFVP4LLN1RPW1B56H0FGAU7DQC5E3YKIEX4UCQE8X7TRQR6XPBRQ1S83YOU EAUU2N6EY45LQ9URBIESPC24KX5TYB 5TBR1PJAVJ8UX1K45B8291KYTLFOPJVW', 'QVJM28ENTXW2PL2GU8NN3DYR7K488 VXJCH1WW5RF35YH1GFDRXLUPLKUIKVIFNCG6FAX500AGYQT5O08IS5NIQVNEGH9GRP 1NM');

insert into "log_note" ("date", "message", "connection_title_fk", "created_date", "title", "type") values ('1531-8-4 3:35:21', 'M V7QQ SFCK9PJQAQLMTS6KEWRILNBGIPSN0YU4XPFH6PPUHOV QTAEI9R8FS66QQ4X0J1CMTM81BL9APSO3OOTA4H4UTI2QNB KP  60HG8L7A9KDUIM 9P0M72CS01 2YNN7M41XJUPEE1K0HDUPHRXEAX B8ERINXO7436BOKQ0HFGLCMO9GRHBX0EE4QK8QR2CLVBFUQWSKFMCYXE I1PCHGB6F3H3N24VJHRFRDFB14WWNLC265AW34ES6N', 'JS8O  P 56JUW IFDF6UQX00Q9I2DLNNE91B5Y22SOT 3WQBW R0HI4VY495O6JI85N4P KJQT7AA6AVEFVY SQN2LBE79GIQJ58KIAG Y3VEK6CFKF4622 99HPA2206WDERSK41SMJ9RO5YJ5K2MLQDYARBP9GD3X 93 VYDPQQACVKYK1NL2UP02UO6AJMF745HGBB93LSM06CSXX03JH25VUUEK1SKDHG0658D9UD4T0XGBB83BWVHNDA8XW', '846-8-6 2:8:29', ' 8KVSKYDBK74IRMDGAOSGI85K TAEL1K9X0RE4OC9H7GV8J6 RIMY76FGBG1R9TIA5S5 30SNJ4VLTM9KDU0HSGR9619FSLQJPOY43ESE9Q8AXUUUJS1 P NH36JXWGDQKYI4E7DRADVDL90PTU762NL0UYVK0FIYUJI2YWH6DVE K SBW6HJNF X8 MC4K4IVQ1VCYWEJN037254NF4DVA2ODEL502303HP6UVEIUK4GLOVX5QXPSB1XDV1M008', 'JWH3KQDKF3NYIJ8LQGTRWXXTFDEJQFTHQGVDHLPSIDXNBUIGUI VQPESK M19TSG0J9T8LHXV Y5PD5E939JF8NGOD748LQ9FBI5');

insert into "log_note" ("date", "message", "connection_title_fk", "created_date", "title", "type") values ('1030-4-13 2:35:56', '5IKI8 L FWY5H5LTPAHKWNBTCPNJG5OSR7HDSRTOQSRDEP4YY DHGS3UK WS96H0YB7L66F MI92HDU44V MHFVA7AARMOG01G8SU6 JMVAU0CA377PVEEDA N2VDDQMPLX6BJD0P1J0ET7RQNTTQIL66GB9FTRS92DP3YNCFMFI1TO6QBAR CQFMJUPOK7PJPIXO28MVN5YCC1LTNXIRKDON28N212NWO 3PET NJQLR9XD3K9PLKBP6PW6KJM2', '9MEHBLL8C HWH46DFPLVGF L0J1OHDE8X305U3GLTWUV4RRGKTD0TXG4X8HP0HAB8WQ698RFC74HC6JLIC2PHAVAKY8YE37K6CVXPNT26G049BRA1CUOP4PYHF9OAO2LA6HDGX903LVUX4Y8E8P7QWM8NSEQ9L03KIH7QHWVD0VBKEY7FTECS1PDOL7N03I LVGQVQWIVE0XAUU7FDGO9W6ONU1M7DAAH7UX6XPVW00NB4 CAI7KFNNS6V1HLHD8', '1820-11-21 4:3:30', 'TGQYVLETY GAHPG0ASGXXSI3G9B2J NEQPDY42NCROU6706K3V8J59GM6JWLMEHCBQIW4S1UJYXPND613L CCOGXL JEMWQFHUG7VUGVQR18WQ 2GW9001Y0PN9JJNVAKJ0N62T 29 KVL3CKU4HCXCXWQPJ5MJI1GIGOV1LHR4V873C2M67BM4HSOY92B9LRCU9RC509OCRGHNIYLL1P0QIAYN0L PVU7F3K84HYO19RXB6HA053OQNK90IVGHO', '47MMT9W4UWY8Q3CR9XO1B5PAA 4TI9AMFR9N4 QZW41YOOT7K3QYL9HR46O5FC 9HJU0797O4QRNWJ 4M FQ43OBG9EGSXTOMR1T');

insert into "log_note" ("date", "message", "connection_title_fk", "created_date", "title", "type") values ('1314-3-11 3:5:39', '7K81QECVW3YDSD808EOI6SPHJG 17CFKWFICFC3RBLCUYC59DTAS3HU4QQGM K9YVMV6FJID3M99TR5X9X022VGU6G100994O 2DH3HIX8TIX4Y15AIJT1H3XS8XCDU49QOHA2165VX4XVMQRSA0204FIECP4RM96I3NMFKJIF9AHAGCGRK LPWKXEFFI6LVJCGO92QWD5AW8L2B1 FM8WLFU6DQQC JWNO21QFPKO8GWXAAWKNPTD91DOS0YSAY', 'VVVF09 2ECF7XQ0VFBPYPH BFH4RXE16XLJIRSSCRGJXD5WAQ8VFGF963U K 1WNBLK4UJC7YNFQXOV6P4C95EXCDJ3QK7SBADJVOD86HS BYLE9B8KF89N02LPQKLU LXR0T591B1VYT09G39SG8RGHEDWOTSHNJNDGQILO10ILW2JU3BYMMLK87PGC9CFHXB9RY4K5QP3UMNKMWUWT0BJWUT06TNMR54362IWN KN GP 7NR6LYE5A6BXAH2EY', '651-11-6 1:48:19', 'F8NV42VYQFLWMTGD M0HKIGCLTNEIM0WHCUVELVNT3OTQGKRMIGQQ3XOM05CTXLI82XL1FR1M42LW6V7VTOWYLLEF0NNQ5WCEJ07TG6HB9UC MN6N5WADQMBTO 61C6R0XK9B7S9CDJMK5623D0OYU66VYH584Q5BMRPVVAJHJ8C5OT5MFD8GYGL0 16OSYNX76YNBDEPYMWWWWLXEUIFRQ2U2 CFA7HND QJ UTB U0T1TH1MVJ4J92BLB4D9UM', 'XQSXP8RLUQWJVQK23E7I17M4QRR58HVCQDV1X10AFOI0OCBT5DSHOWVO 0LNROL0JJH04IPA39FUGT3YJLU1652QR7WQNAREV0JG');

insert into "log_note" ("date", "message", "connection_title_fk", "created_date", "title", "type") values ('121-12-30 0:13:33', 'FBHWU3VLH4547BB1X2TP7PAL5447H1C RLC1IRKC3YUPYPKJKGCRBHBFC8I0LG6N34IV 7AUS1WQXWSUR2EL3573Q2 QLC646Y2I7U39LPOBYPX7 PVNH167J5BCTW PAMUP6YAR0LC9XQA2BJI1HEPNJC FN8HX5XFVWSJS4WT0PKG 94TG4EJC10DAJDXE5883FFPVG1TO8O8OYG3CG5RGWUKVW8SX36F3TXYR40U1GGS YYEQLKM9IYGS7NTH', '1OCJP2JLXEXWWYO2 C5548KCM8ED9S8N0X8FG6QHAGI7G5TY2CWD334540CW6 0M2DR111  7BP4OTXPMUDRN6H 4GJVAPSTMQR75T4XH3OJ5IPBWC8IFLL9NUF1QW0AQBTFHL8CC7A IL6WNT F6DPK7UDRLEAAXP9VTAOEKI8ODEPU8KV1QEBLWGE220M89X9C S3CJA HF6UKFCWGVI79A7DOCE8LCHQDQUEN26SVE HQMAXIFEGKIXXVL4M5', '1258-3-9 2:51:30', 'M47C2Y 5DH5Q5QTL5EN8TVOJ4HPVS9B7SCLXYJT2N161HSUXRS9A H4NNL0M2LWJBAN1SRP66E5DAJ47EE3SH2OE8QPN69 ODKWBUXSBLVKEX7EDGEXL1S04692BCSCJHUDV638BURI3KJIBJ45X2IT 1MXDNATYH1P4OY8S8OLY538UM0KIUSR5PFPXUL7OD7  YV0C7AYTCYGLVOKEERMMDI8KL4FAJIWPESTFKH8WNW15SX41J84DFR0871BC', 'LWCCUR3YQYLP03PNENA6TCYPD289Q1NPPCPD7URXYIRDT8EF71  FTWGFS4IN7ANVYUF9KF0O7VFTUP6ISVAHDNJD1S7QIM IN5Q');

insert into "log_note" ("date", "message", "connection_title_fk", "created_date", "title", "type") values ('861-6-21 2:5:58', 'EVY867SAT36HE4H GFJCNKR7RVO8YC16 TLKN2WIO0V31X0V517ISX2X3JQ5PYT99YTSFBDLEXRMGYEY7FRA6DP5GAS2 2R57JX8NJGV8DHFQ6TREMEC1H3TEVX8G2RGDC1XMBRUYBEMYIUX 041LRYYWFVIODYWSI0IK456U3QTBS9ASHOA6MCUKJ9FD8TD IGCSBRNQGFFYP6T48KT2EHUG5E67T3W4CTCL519 L8G2W MVX4WLA0H8NGLW7RQ', 'B5E006U L9N3 XR3QYINAQER8XHP5OLRU7P4MCV2 0EW V4L5A20C2N6MV9S9F8E4C 3JVAVQCLS7QBCVNQBJS6BFU7H8QW9VL81P35GTIOXH7ALETG1UB5VVC3PGQ7OCFAQ2DS2R9P3NYCQQ Y88U1MQAH39K35DQRKOWS5LOOQMK2DFPQORLKKD NY29SA7T3MKT37X9AYCI96L02QHLUUL4R6CPQWRCEMT3UYTX1JR432T81GHT5RSUNEKRP ', '1-1-1 0:0:0', 'TGQYVLETY GAHPG0ASGXXSI3G9B2J NEQPDY42NCROU6706K3V8J59GM6JWLMEHCBQIW4S1UJYXPND613L CCOGXL JEMWQFHUG7VUGVQR18WQ 2GW9001Y0PN9JJNVAKJ0N62T 29 KVL3CKU4HCXCXWQPJ5MJI1GIGOV1LHR4V873C2M67BM4HSOY92B9LRCU9RC509OCRGHNIYLL1P0QIAYN0L PVU7F3K84HYO19RXB6HA053OQNK90IVGHO', '8T37G26AGH2NG9EJ340KBS AM9PRQ64AR6N953H1NP4R2W24IRP4P34K5MS3L98GPL64EPJCKDUAVL39ABXGWX8CSUN8NVA1JUGN');

insert into "log_note" ("date", "message", "connection_title_fk", "created_date", "title", "type") values ('731-9-20 1:50:30', 'SCA5DUP2H3OKYXB0FLGH5GQI1TB67D6869V3HGPFOW23U64EQPF74YSQJSO3X8UVY8C3D CPIEI000LE94QBYOL5 824UJOCDU8RGB6IGFU UO9R 4RR3IU 42PRV1TI73WB8A1LJ5Q9PCVEEER428II8RN4TCNBPBFP8L1VA6MTY2JCM PMEGV732P NXVXPCPH TKDTJPA0TJV7EF6NSGQ49IR98IMLBGW2JBBQM VDHKB9JHCEO2V4WFLOMTV', 'EFOYJPJBY17VUQX1A8HKV73QUO0U75RL1KNMUGV9IAT3MHGAN51FTHJE8KAFUI714NTDX4W 5TQV5IO74O32IDNHVTPO0EOQM1IIYCXU56LMJST8GSV56HWWC7AVB8181ES27NIB8BSDV8E3XWB10A0RLVTTDFIAGXIOXJK2RLHUAN9JCV6OC9YA9EV3W7HTE3CPEC7VIRNE SHK1X0QHO2TDPSVIRPT WP3YCUQU 2167FBVQ4JQRVYM7Q  58J', '137-9-13 0:27:20', 'VUBPBOT4IJ242ASEAYGV5GOVK51E9AKYJQ4SN6CNT842FFYY4VW5N9XA845CUVS0QU6JGNWF9 GXKD48O OIJWSTCVJ02ER6NP1N1ENAJ NDUA17AGKSIHWU8OGO5C9CT1R5HIR MNPFG0IPNLYA1Y KH1R45V3C0SYILNF6QJ9I9 CKNVOODSP30KTIWS4WBXQL24UHDCHH0DFEIV3 I4THW2ICYJ6N2OQPA 9DCY L6XNUQE6RAU3NNGBLQ863', 'VY53WMD6ES7 NADPKCA0L5RW0YO4A73AD E9XTMXAYHFCMHQHEI516HHSF3XHAF9LQN0HV9R7C8WQNI0EYEH70UY5 HV63MCD1KM');

insert into "log_note" ("date", "message", "connection_title_fk", "created_date", "title", "type") values ('1672-12-10 3:51:49', '7V2S25825A9KITG7HO7A9JSKK1M7VABA  UQN0L6RQ1VYIG9 KPYWN2XC51 WDVNU3RWGCVBRLQ3960CJAXS06I8X0F0SXJUB0M58BWAWYE2 BVECDJ0BA3UCWA0OXR CX1 N R4F8YCRB1M7R0FIX0D4GXCO76BJICKJAT 5A358IVBFQLKF1SKBRD1 KR6XSOPM3Q5DDAC24XYT3DJVF89I9JRQMP647 WS7E306RE 845SX35NUEJVT0W60K ', 'VMSGXR8QPV7F2IR19BM0HO9D3NLX2DBC73L4RMB6GDEXY3F754DS5GCWJ73VJCJPNFW0TYFI2VRG5BMEY11460JK5JPM7TSCH78QLN29164PYEVDOC2  8IJOKONYI63GDXJJI38EG5YRKY1VONW4VA5FQ12M24WUC4C59MAND96YTWGL6U53K3U6TNN5YCXGWOP1I1HXWPX 43UE9DMGWHBA24UGLUGO7AVPR12SGGJ9E4LFWUVSDAAN3SQIDU ', '1534-8-27 3:34:45', 'K8MTVWHKQMKQVDTPV3IS8BRXCM33IYYW97NSV9NH 2EC3E4QXH HRV1L9GOPXI0A2M9GBS9D76KU7UH5N6H61AO1TKWVGJACYRQ87J9US AMCNHO63LFGJ6B11SN47BP64WXDCIDFNGGEDNXX9DB77VEA4 JOHOY9C4RFM F4EDJ19JGIWF7CJA675JFQVXJ178DRFMA5RXHR5RNYEWYLHVENN5LLMQVMNOQJKH91BKARN VG9GRJL6TUD SFKP8', 'V1RIS60VL2JQ6WRXP3P2BC2H03L1IO2K  CQRMP C2BNLWNHOBP4H2DH252HVDDH5R2KVPI1U6I8KLFDQYA5XN7Q2IHFCOY4BVPU');

insert into "log_note" ("date", "message", "connection_title_fk", "created_date", "title", "type") values ('1804-5-26 4:20:8', '9K 9V92FERJJQXKQ7UDWOWMK Q9EL65H064LQV7XIMGJ23PLHRMUT5JP4OF 8IHOJOOBBJKJRM2XSMAUN1YT002HXRIWFC RM5QJLN9B62RTQ89R5HD79VFKQGA4JU81H131IIKK7OP RMYP08I3J 1Q8NBBX57 X8D72C5M ITXSAXASWY8VHQ1TPVQ 91A90Y3D8V304SQPQ 6LFY0BHHJAA3A73APC31HF8XOGE55ICAB09KI WMK0JUM1HO8', 'DWEPTHKEEVAVBEX8CBL3RCKRMWV3CGW3YY9Q YV GESIMTNFAAR6Y4PT7YAA 1VJDSV6VHHI4M8PS8S2 V8M4VFPU2REI5UA471V667T5NTDD644PNPMYPLVJIT50P6D7GDBN43WTVD0 1MR7HN07NIVTXRWLML2457O18KWX6NTA4MASQC9MMMFRDNPGM1Q0COS4F85ST2OXOQ6A5SI1ERFXBC7RFQYFGQ3SG049HV4NST23UTMBRYWHNGSRK6E', '137-9-13 0:27:20', '2S6XOFC0V782C78B11QK2QBGRTP8J1W0GJHBGCH8BXRYPK212B20GIGSR75LTR0LR8RA315ER47VN98D3YBRJBIC 6D2FC2K 7B7NN53OTV5C8A28U1HP4V9FSESC1OKCYXWXYFVP4LLN1RPW1B56H0FGAU7DQC5E3YKIEX4UCQE8X7TRQR6XPBRQ1S83YOU EAUU2N6EY45LQ9URBIESPC24KX5TYB 5TBR1PJAVJ8UX1K45B8291KYTLFOPJVW', 'WCTXKCGLYKPY3PLRWHL86T5CU3MF 6V2MDCRF AJR7FPGMOARUY6444CC0DI30YCVK4U S0GVWRB378PTYWW6X75SQKK512HIKEI');

insert into "log_note" ("date", "message", "connection_title_fk", "created_date", "title", "type") values ('975-3-15 2:22:56', 'LKLPE9R7WP5M6E7O86NE OSKY TY 69YVXASE64RLPV8Q2GHWET2GLT5HKF6LSD4O3QHLO2I6M5O7G038IIJLBW2MLXVEVL7XD536GURWXLCPK3  KVGMGH8UUC81XVQ6HOME120KLLBCB9SFYX7SI9P6HG648BHGK4RIWMYF0DA8HADDKERCYAQ81T7B4ECC56TTEMDCVULLTBP5KTQN1TP1HSHBRVCW68RMTH7NFSALXOVMNIH00E596IWV6QP', 'IB3RT 5DQ73A6I0Q3E1 AAL32LGFOJ6YY86K5M4Q5HK 9SR4ORSRVLAAVVHSTQTNXUCXOUP4Y8URQFTBWB9P11Y2LLK5IHGM57K D1YM4PBOE85L5SE8O1S1J7FJ3XQ7WSQG6K7H6N5L6T1CJDWGVT92FNMJX8KX GES5L13749XWR14KOB3KJ53M7HEGE5EOJ01B8E0PNCSIJ1NCNVJWAGAXM343B EVPQWRIG V5WY I3UHQNVW1JXR0DABUTX', '453-4-4 1:12:34', 'L7NN16KDIMYFP594 ODCJC1S0I5QI5BTP4KUEFJJSM8604IFE3F8HKRRW3KBK28WRUVE8JRFTX24AI2L8L754RKL2YQ4OQFFJHMGDFUDR8GGCW60DUYFLNJ4CWF1J57S 8BKDKFM2H OUO43XMKSWKV2TW08PYVCGH3OL79CIOQP7S94CWCGRJS2V2BDIGRAGRJ7650N12DWNUX8CT8 Q8IM5PRI1L8SVTVW1VGI0 1256JJWNLC30B6M89450QU', '60BFCW6MTETMHXDU44078HU18E5YHXSCM6O87DGKVHSC5RJPAYYJOD3GXKYUN523EBF9HENB457S9EW9I67X8GHJBHXW0KEM4SMJ');

insert into "log_note" ("date", "message", "connection_title_fk", "created_date", "title", "type") values ('1185-11-10 2:54:4', 'T0J7BB M96Q JC177ULXS0YR1XXXOEAS8D1H801UL4 1MJD3TMWPF3JE3VPPKB33UGIIVW CLOLF6TU6WU42C6M3LOC2BP1BVTJVLUBOQMHTKF 6IRPY 4VYC92HT9993FEUYNWM259H3JJ042UXVOADL2Y1YN5YSN9CF2V25VEC78MRSUJ9II3S6VTKLBFHSAYYKOL2 S32BGJM4LMUH8UUEY9HPQ37EJ7UY1RT9CBVV3X 76M8D9CC6VOU98DJ', 'X2HSKENTAY8TA NO5OISQO F0VY3OQQ3S32RVOQL5SEHH4EE P3MJ OG35BHNK04VQXGV4QH5S7OL0BB9GSGHORQ17O0UY9H6AF9RDYTJIASOOLXNXSXSBO69R1WTBFQ7GL5R  23W2VW0UXHJ2DQF7UV 7080ML ECT5FOX3APLDUT3J4CSKGA0EGQWRCB03NAL7166CH5CAVMF6Y8TLO91X20P2F9 N5UE94XS9M74VQM08N R7DOF4A4BVDGQ', '137-9-13 0:27:20', 'K8MTVWHKQMKQVDTPV3IS8BRXCM33IYYW97NSV9NH 2EC3E4QXH HRV1L9GOPXI0A2M9GBS9D76KU7UH5N6H61AO1TKWVGJACYRQ87J9US AMCNHO63LFGJ6B11SN47BP64WXDCIDFNGGEDNXX9DB77VEA4 JOHOY9C4RFM F4EDJ19JGIWF7CJA675JFQVXJ178DRFMA5RXHR5RNYEWYLHVENN5LLMQVMNOQJKH91BKARN VG9GRJL6TUD SFKP8', '9X15 K JBN8G7TQP0LG51GDLKI5 XE3SPU8IC8SUS8KF8E8X3OSCB8BYA42BIEGCYY40M32M8U8F3V9BPFH9SXNQ9J302C5A5YVE');

insert into "log_note" ("date", "message", "connection_title_fk", "created_date", "title", "type") values ('393-12-1 0:50:35', 'K GY7JBP3CWPDWPEQXVMS0Q7XO8GA0U4PNYRWJJ950C4CL1IVJJVERCKJSVPR7CPPWPJSAX6N 1DBSE7B3HJWQVOI2BMTWY73MH2IX99AB2BWXIHB6GR  9XUR3XI12PU XVTHOIEGBJOGHHNOWDEKQW3IG10HCGJMD4H I3P9J8COJINW1WYCSC9DJYFYRU7KXNB8FBL 48ISB33NYGF6750T5D 7KFHBKW30BMWBD2YYOSE0FVNS2BFQYMWQ8W', '989XNUNVP9CMBXI658PLPLDY3T17Y57M4NHESBAP3EV4WY6DT7AXIGHEKVFI3O25WLAT4H6QDGXN 3W4PFE04VGTR1S33PW0UL8R1AUI26BUTN49T5GTXPXDEACEU V2PMNH1I3U6SRYURMMO2PVGOXDS36I64E8R3NWNV2K8VM EGICC84G8IPAP6390L6PVS4KF 6RBH6IXR3LF5IGTQRRKTP2AU6RCVQQXD3O2 DSXI0R QFFTUYM6LD008NV', '453-4-4 1:12:34', 'NXW992GOW4KUO3 T8HDNNBCXN7GC7YC1CX349D0SB22 0MVH1LVOWPBWCMEBBB5LEICAUDEUOM1D5WXAAOETI0I57SPNYYS1T1X715HGGTUE8UPY3NGNX6DP9QEI41R0UXONOJ65BRAU41P3WL57CUBKUO2BLJN4 VWUBYED8ROXINJ8BO2WS7RMM1U YY0T4MIFEH5DIAX7UMSSDAEJ 99MHBEUIJIIB5WE2VFHOXHQDG439XREJJA9L7UKF4RG', 'TH1F7 UVQH361IUAQ4YBKPGJCAC9KFXLE5PHA4ACO1UJAGGVWQNRBLPLNM1MGW1OE8WO6MQLYLC1RR7PM5WQNYNYQ8YB1S5WFB5H');

insert into "log_note" ("date", "message", "connection_title_fk", "created_date", "title", "type") values ('1751-2-4 4:11:27', 'HN 0P1FN1A9XC7SEGK3LJTQ36CCPF3L3VUOS0V96WFNLIF3WP9AQ RUSGEJ9VMO3VKVO 0J4YL3K8IAD2H72V49X YIMIMW06VNQIUCL63Y0C7D12YR08787 I0RQCV729USMO1S4MFOP5NBPWPO1A7EAYLAWUI6BL26BR76SAE28WNTLVHRBJYI6MLHF61J95Q0M5Q9SKL9TY87RUGP41IOH82AR8X4RMY0MWTR7FJ0GOJDU9NJJQ77MVYADUXU', '3Y 9QGSML80STH5DP98LT7DR KBV6X7MJ02OJMG5KHN16EQ5RF1RI4DAW5F0S4LTLI07 1OY8BMSJU6XVDRJJSOIE7GJYU CR8MORW7VAT1WGAAOAM21OA6SIYY4R2QB1FGLL95V1EU L52LR2H3MN3QR155BMJX OX5A2W48YN6KSSYM3896S 26K5OTABMN254L62X8Q D2C4AODCM5JLNEYSCFQCWN 1 DELRVE22S0V5C3M DL0JJ3QJDJ3I', '779-3-19 1:58:35', 'B99A LVNFA 06YKSLXTB0GLI63KQ2MOB2HKG4IWI5QSVA06D3B7BFAGW55FMCFH13K4DIX9SD6WKLR4R782255CB1KPQQOHJVCQYRHBN055XNND3J1EQ5F49EXXNR4PX6RNH5HH199TAVP0I0BTR5AQA4Y7BO67B20RPST7XNCSBGO31SSF4MG4PAI55LU2NSCFPL3Y5WCF3BXQLCAU4TCATCNWYBWGU07L16L8E2CO68J21EU9GV38TXI6YHNGO', 'GQNI5Q91QQ7KN3PMRJEM BM1NELLJDU5VNQ5DD HIQXFFRRGU AO9JE2N XBDQ3H4F1O7VR0IU1ETPMV4S0HXYCDEM0S36U Y2UI');

insert into "log_note" ("date", "message", "connection_title_fk", "created_date", "title", "type") values ('674-5-1 1:30:11', '63QJFYXKP7HR3CYD0WW PJMHG3WRRS3UF4SN64TPGKHKS45DWYUER7M6HUDJGNSDYKO226GC5OD6K55QR2WSXGF1MFK910KVSRN28Q6T13S JD5XC79UDWFYDMH34ACWDFTPYCLMWS50TROOWVVXD0E0TJ XBWA7RO1NHIJF 1L I3LQ8TJ 79AFGSKB92VPK3Y64K505O48U2Y3OCQP6WFMGANEPYSEUK B6TWCSVGT C4V52TCL7D3DGB1BO2J', '3CAXGDO7L1WFHS9EGTOUPLLY8AD8X7DAOCGOQPT394CBWLOWHGWA32Y8O5X3D399LNQP4WTBDIY6VBUTEFG3FI1UMUDF0I5LKD73KCP VJ357ORCOG9PP8 JAUG77OMMUYPL3CSBBWX2SCQXCQ16WHB2G0Q1CONT89TOO4QPQOECIWA4YTAA1GRFGPI7TKEV1L CCRERPE73ARAMMRBE88ER4MXN27DJ4NCC8B 5D V22CVDXW6KIQIDUWT KHCR', '1820-11-21 4:3:30', 'L7NN16KDIMYFP594 ODCJC1S0I5QI5BTP4KUEFJJSM8604IFE3F8HKRRW3KBK28WRUVE8JRFTX24AI2L8L754RKL2YQ4OQFFJHMGDFUDR8GGCW60DUYFLNJ4CWF1J57S 8BKDKFM2H OUO43XMKSWKV2TW08PYVCGH3OL79CIOQP7S94CWCGRJS2V2BDIGRAGRJ7650N12DWNUX8CT8 Q8IM5PRI1L8SVTVW1VGI0 1256JJWNLC30B6M89450QU', 'V JX18KS8WM7WFHEY DJAE VDXRU6GQ42V45LUR MSSFG7X2SJ3VR98JGKDTLDJ7 329KL6LH3175EU8EV AA1HY12VE2KFLDMNK');

insert into "log_note" ("date", "message", "connection_title_fk", "created_date", "title", "type") values ('1-1-1 0:0:0', '8HBN1EGKQ55C7GSD 1VWWA KE1IQV71GXK I1FTYGIG6RTV15QSYF7DV88YN6F8OM0QTNWAWVCJBYRLF3 7TNV 22M2L15JVIC35BOD1HH7D4LGBT2KE16H9N751A13WDKGSHMY3C15NMF8MTP3A2UUTAD82TQAPI1UNOE5YXPS3UB E7XSP9KD7TY5IJRVFQK8AHNAODGBB891VJ8GK8WJ1I5IRDJSFDB9YFV4I9PRK842FXJNEIB74BLOYCDB3', 'VIU1DPYRBRMQVXEC02QI0WPPI1WFV3CP7P9IYR1MRFK4POMQMGKLWHVBK LWGOOLJ43F589XD6I MOGWWO4VC751034XWT VV3M44RXYFI2PP 5DMRLYLM1QA2ISTY63QCYN4XM9NDOB2G9R24Y8VB7HH4KAUFD15YYMF57HD5IKUXLW0LYOGMOJ4RU0MI1KOJ9DBUUEELIR849RTF3XOXRABYP4UDXRF AV48Y04VFXFNLHD8QAUF08P49H942R', '957-3-24 2:16:42', ' 8KVSKYDBK74IRMDGAOSGI85K TAEL1K9X0RE4OC9H7GV8J6 RIMY76FGBG1R9TIA5S5 30SNJ4VLTM9KDU0HSGR9619FSLQJPOY43ESE9Q8AXUUUJS1 P NH36JXWGDQKYI4E7DRADVDL90PTU762NL0UYVK0FIYUJI2YWH6DVE K SBW6HJNF X8 MC4K4IVQ1VCYWEJN037254NF4DVA2ODEL502303HP6UVEIUK4GLOVX5QXPSB1XDV1M008', 'GAOCU20TB50SCM9EDIOHHUCPGLUAKU1YSMC68A48CJHTOXWEJB3KJPMJP0FEDJ3 38K4QSM0PIMI 9Q7B29VKU9BP7785VIWYN2E');

insert into "log_note" ("date", "message", "connection_title_fk", "created_date", "title", "type") values ('471-2-27 0:58:34', 'CXDH4ILSR9VTCOYK04PGQ8GFLATTFI022CUG8XX1IE8K2MU00ORLKVO0BPWQN3O4G1O2EBN QQ64 J9LMDQAPIK5XNNS36G60SN4CVLE5BTBOYXB2OAST60AFELPUPQBQTC5SMSB2K1PQ8WC5JXUPX9 DK U1I5Q6S5CIINW8DKJSQG 5AV04NTYT9X8UFOWDO7G9GTF1 TLKN7PWN7FW6H3CW9KG2JA  G1X76D922GR305TSPVU8BF2EM6309N', '1N8R6J9FEJTRN19C14YPB9A3F GJLPP OA4CWUPWOLYK8Q7RQIMUKGPQ6R IN1GY12OJP4MVWFXBE2NC 9FX YO561C58W6BCJIY09JYJTMNKB3VQNRX0MXI6SR 70 WCPVTC3AVN PW0MB7IDWD78E5GGA2GYBPCXY37B JQIL 71DGEHTJ1FDJUTQ8UAVV6 LB4K1 XFHJIKMTYHAB3SCAN2RWEEMP63HQOB4GS5DSF1NNA9W9 R78SWO50MVM', '1258-3-9 2:51:30', 'MCMYAEXHF9NWBEY06NNDTQ38MAYAW3WBI6VUI0OS4SXVGJ3L2Y4NNEEYXDKHLP2JEPXVWLEIBFBBT3G7S33L5 U7NDV10 T9SQJYYQITWNM13G31 GMBAYDIBWFINM8NF90D0RDP235EMP 7IL8AQGVCTNBVS2CSCE8U7LG2CKR2KJ9QK82H17C48I6JIC8NVGJIDT7RG0U5YD KN9S6FMQ40I5BN613LVVV7O6IHJA4G8CJFNI4 T3HSTWEUXWY', 'YYHHT 2ADHADC605HXP4HJF9RIRK 9SD2MHI7OOOIXY373FDMY3P18O3ME1ITGYKP16PCBNBJBS9L2WN DDIDFPHPYDY3G3O2UXA');

