INSERT INTO "SAMPLE" ("SAMPLE_DATE", "TITLE") VALUES ('174-7-27 1:51:31', 'Y70J7LLX9MQNHFBBM275E88U2WHF1P1AOME6RN32P5FP6G53UGBB3QLVJ26RYSLENS71TMIETO904QBSKXQC089 S BJ7 GK6X84');

INSERT INTO "SAMPLE" ("SAMPLE_DATE", "TITLE") VALUES ('588-8-15 4:26:25', 'NYWYVM7VNIAA7CV4O5A9OD3FX3JESPN77090AXNDQ2ETE7MAGXM67E3Y VNP5C T39G4N2ED0RWXUI8C7 3DJVCBS8IP3M8AK7C4');

INSERT INTO "SAMPLE" ("SAMPLE_DATE", "TITLE") VALUES ('484-10-27 3:58:38', 'Q4NJTXXBHREHKVHV017LH1OQNSSRJCL4DK0C2 K4E17OQ2GW2QHMV6PKWQE3K7UHPIHXDDRNRW5RM6K0EAF DL046RB WDMYWKHC');

INSERT INTO "SAMPLE" ("SAMPLE_DATE", "TITLE") VALUES ('1030-6-14 8:38:28', '0JFI H39SRA QKN21AWQXR2VDHBGBVVBVYBNLGCJFH0 2 61P8MVR5O L5C8I3TGK548AYMPFX1DGIFUOICFGWLEP0VT4G02BOFQ');

INSERT INTO "SAMPLE" ("SAMPLE_DATE", "TITLE") VALUES ('1392-10-22 12:4:59', 'WQ1PAUKS7K88352HWGLUJT3 1OHA05RVF 477XO6Q7VPN9SF8TXYOA0U80N074IP1JSO0WDSKX0JP CXNK7276NSVAEX2A K2PDE');

INSERT INTO "SAMPLE" ("SAMPLE_DATE", "TITLE") VALUES ('1507-4-21 12:46:26', '6KL4HSNTAGHYKRGB 9UE7U HHBE0X9LDVQ5 CEAF3VWQI 4NGEDORH3YYWWXBMMFV9RE6VTYGH6R6D3RSGXR5NSCNSIGYN06O 2Q');

INSERT INTO "SAMPLE" ("SAMPLE_DATE", "TITLE") VALUES ('1190-9-27 10:33:39', '7WGUDJSVHMK5R92739IGER62TTPYCTMNSMY9JB53DW92TSBRLQ7WPLPG032YPPU1ESC874IT3X6L0 1GP351O5WMRWV45M33QN6I');

INSERT INTO "SAMPLE" ("SAMPLE_DATE", "TITLE") VALUES ('798-4-3 5:56:5', 'DB3PX0UI6SKNNU0049DVHCA5SJMAM BLN91MDV3HN93 V1XRIUPPQXWLCHMD042VBECS2W9VKFRAX8E WUD19RPO8K4E1V6EC6WP');

INSERT INTO "SAMPLE" ("SAMPLE_DATE", "TITLE") VALUES ('306-7-4 2:19:45', 'TW UMCKTHKD746QXWH3HHT5P1MR2A1K5K9FE65F FO4PJV3UQ6VVSEJUEBBKEI25GX18A 8JTQEI9XLFXL8HKF4RSCTBK320QBQW');

INSERT INTO "SAMPLE" ("SAMPLE_DATE", "TITLE") VALUES ('1584-9-18 13:45:14', 'N PHTFDG EEOTWSPT4KKWOKLEE3DTFUNMCG6Q J75DFTXVLP7PGPPVBC20L3AR4M7C2647V4R NDWR1I2DCX9W8FHKXEWCMN180B');

INSERT INTO "SAMPLE" ("SAMPLE_DATE", "TITLE") VALUES ('1104-10-2 9:40:10', 'KEPFJBV6KEYUEGM8RDWC5PDOIRYCGANSXCU1TLSBV2L9U8MXMC8I943P7407GT904FFQN106YPM1P2KJEGM1NK6H726DN8 OBK00');

INSERT INTO "SAMPLE" ("SAMPLE_DATE", "TITLE") VALUES ('423-2-16 3:23:42', 'OU4E3N1AYBKYRVVVURLBTQ6VAVYTR4M78CJXQVCW7EOAL94NYI9SLT6GD65NW3MEARKYHUDJQQU UW WTNXP6KROHLGRA SGIHI1');

INSERT INTO "SAMPLE" ("SAMPLE_DATE", "TITLE") VALUES ('979-6-27 7:31:3', '3IFMFSXORGGVW0CAGQVVVLP0PRC16VHWGF5EW2OELAXLBG3WDMX5GPKG10WK8BLMNONUF3RDV58XVWQ920OESGOJDSF9B7RJVSER');

INSERT INTO "SAMPLE" ("SAMPLE_DATE", "TITLE") VALUES ('1327-8-28 11:19:24', 'UFR58FKF BMCUBBB4GLWVPE4N2WAIWAPQN4JFYJIPO4F6DHBBAPJXXLW6CSS4ON0AE9OE77CUYH1OM5OWKCO23A7HK26DB5UECFW');

INSERT INTO "SAMPLE" ("SAMPLE_DATE", "TITLE") VALUES ('1736-5-28 15:26:31', 'B20VS6T13 PE30SVYF2BRAE 4HX3K5UWD0QTLH6ICY0AQA6VHO0EX38XDGHG IMM02OO WIVJJ9XC4JSL3KCJL 19 REH7R9TQHS');

INSERT INTO "SAMPLE" ("SAMPLE_DATE", "TITLE") VALUES ('1-1-1 0:0:0', 'BKPQWA3N1BU GHKTSF M4E35J05DH376MOI4T9JNOM 4C5AAJBG9EI7SBPNPXQAQLFL8U21TQVP3S E09WHVRQ93M6YC7SN3K JK');

INSERT INTO "SAMPLE" ("SAMPLE_DATE", "TITLE") VALUES ('1664-6-9 14:54:41', 'OUGVBYP5CD 06Y5L WSPWAQMGXINKOUX681A8QKSU8I339DU IRY9WH73BLL7QVFDGGCX4RQ61VVIL CUHJ0H O KO XUHXEF8Q3');

INSERT INTO "SAMPLE" ("SAMPLE_DATE", "TITLE") VALUES ('111-11-2 0:39:43', 'H2P2FQCOJTQ4VBWU0IN5LA6FEB8GPTDDOLQ4VUNN RAFF105WGO7 W2LJKVKN09RWN0JVGVSAC7T37FGXUXVPTYSINVXW4OP9CN6');

INSERT INTO "SAMPLE" ("SAMPLE_DATE", "TITLE") VALUES ('686-9-24 5:1:22', '14JRLHY6LX60GRF7WXK3815 A0BCFPP81YL1M5XLTSNWJA7JVK1ED6KJR29MSU45RLAYTCEGRYNYWJ4G1OVD3KTMF70BFXOP87FJ');

INSERT INTO "SAMPLE" ("SAMPLE_DATE", "TITLE") VALUES ('896-4-5 6:39:26', 'PP5WO 8VIO19EPTNKC64VT3X269122EQOM4UEQOXQXDU HW V2I2OC1WCSUVSRR5XTYE7YRXJ4RCB6MCECBRMBBSWD21NCGL YVY');

INSERT INTO "USER_TYPE" ("TYPE") VALUES ('admin');

INSERT INTO "USER_TYPE" ("TYPE") VALUES ('banned');

INSERT INTO "USER_TYPE" ("TYPE") VALUES ('user');

INSERT INTO "USER_TYPE" ("TYPE") VALUES ('OYLBNFXAG877M9UCJ9C9LEFULLF B68B9LH32SF9DS8IAKRXQ61UTHB0SPLNLL0RKXU17TB MPY8VM2695OD63L1MFAEGULRA2F5');

INSERT INTO "USER_TYPE" ("TYPE") VALUES ('K9JPK56ELUV3CL651IOTIP03IB1EARE3BX 1RT1QGM5 FIYAB2WL3 LF0GB3K7DC9NHUUX3T1GTC4CTNQ3JW3ABTWR9J94B5V8Q9');

INSERT INTO "USER_TYPE" ("TYPE") VALUES ('O9C LRN244XVIXQGE5UGSOMQRUOK9LBO724C14E8EEWEN JC4K9EVR2WI58G7NSTL79RX1N9Y9RGPOYXG63E2L6M4E7C6AJO50XX');

INSERT INTO "USER_TYPE" ("TYPE") VALUES ('I2XS0AX00GTTS372XPFOEG7P7JWIBDQBNVOTYO8UFUWWNYVONS76BQAM3D3UQPO5V28LA1VJKCYEPXUE4FSIY7U38UBJ4Y5GEATL');

INSERT INTO "USER_TYPE" ("TYPE") VALUES ('QMIFNIIRUR85VDDCL9RUO1KOFM 02AMO357MKW4Q1OJM1A2ML 9E50SOQNFFERNWDVC0V65CGFO9HXVKLV 00WV6AN21JHWMPMVA');

INSERT INTO "USER_TYPE" ("TYPE") VALUES ('QYXXFD0BP4POB 0RAWL5GOY0A97IFO X1WO1DBAVTMEQLXTJO7LUSBJ95VDH YC6BRIL LLONANUIT8YJ GQ1OOH982Q0T31O8GP');

INSERT INTO "USER_TYPE" ("TYPE") VALUES (' 6JEN 4C9BKEUJON0HL7D7WS96NC04HVDG1DXNCU6LI595MNQWYNYQBEOIWOR7EQ7DHQA6R9SE4324M3EOUV4PQMCT6E3CYCQHMH');

INSERT INTO "USER_TYPE" ("TYPE") VALUES ('4KPTR X2ASVMC1QRL6HSIK5OSDU EQNBJSHYX4TKILH61SIUT3RJKUYEA7M6PR5P9V7G842X0VGX49FKTJNQ372CPRPTGL4 OW C');

INSERT INTO "USER_TYPE" ("TYPE") VALUES ('UTG8Q4QDEA73DL8LSRF U J GUW7VXRX0L2FAS3AUAWETCEJI6DK2WC3SPD6J4GU8DF4WDCQJ4268Y BBML6GHDULUOL1LTY3LHT');

INSERT INTO "USER_TYPE" ("TYPE") VALUES ('GF2 RAM 9JR CS9OSUN79HFTEKLFC7LOKIUOXQT3ADCTYXWME08EABP1A8CPWQGRF84QN FMBMBEOSGHD4 0BOV82UKIU78UW899');

INSERT INTO "USER_TYPE" ("TYPE") VALUES ('M3KE0L3L3OBDFCQS5CT6OOPUE5JII5IRRLS2OK4L2E7BUT7VSNQET130YP94GO2X4L03AULRJDB1PR1LDG97RAXK1GTRLJ UWRKM');

INSERT INTO "USER_TYPE" ("TYPE") VALUES ('HTQUMF72OFQN47IOHRCDDM FDI9QG89PKVMUL0VP12RYJRVPKWDJSTXQ0CS7BQ72GE9 W3P0T0FR6N8 B40IBB98AVC34G09QVIV');

INSERT INTO "USER_TYPE" ("TYPE") VALUES ('35GXNK0ITUVWOW1Y3VY5O OLR5MNPR8B 6D1S3N0DUHP6Q9VHQFJ9HC256EA9L2GFR1T80ECVR3D34CIXQH7WCW9IA65YWPNGXHH');

INSERT INTO "USER_TYPE" ("TYPE") VALUES ('LQATK38QBOUE27CRYHQ42U3U19MMCC3 2Q43T2SBEY8CP0MLKW7YCRSUD99AF4Q4NGP1582HKKWHSMCVGJJ9VG9EHLYX8YLHWHRU');

INSERT INTO "USER_TYPE" ("TYPE") VALUES ('AURDN646FWYK0IUWIUWIMVY1F1CD0CT02K0V7I43UDADCT8 4EJ0KUEFV20XXLFAGOAOD7 6I0LT5MLVS6EGV6D7KD105V NNWK9');

INSERT INTO "USER_TYPE" ("TYPE") VALUES ('03PNYCI7S U8RO37OPSPNPADWTRGYM5WMW81XG3KA4P2G PES6JLFF1F141BULSLBFC3BXUSD7VKDOL QFESDDXF2HX1X9M6YKTX');

INSERT INTO "USER_TYPE" ("TYPE") VALUES ('5WLJCGWA9XPNKC2I2Y2F5NFU0G79X58UM0N575AYYE7W5R38C3W64CI40NI6E26I3GOWMJFQH9T WM R37CCHG M1TV44B2U3YSQ');

INSERT INTO "USER_TYPE" ("TYPE") VALUES ('WYMW09KYWW44FCN8DQMCCE21JS809RFF0R35VNXNXJUNK K0K33JCH9MPJ IEOKHKCWEK7TPDLD X56NIEYSKK3EDKH2K G9U23T');

INSERT INTO "USER_TYPE" ("TYPE") VALUES ('QAHHB2R02H TBMNYSRHNYXRRTJVVTFKW5PN5H13VP1X0ROK4UPVFIRSWHPV61V6FSVEO9N93PIBJ9K QSI1LP4I2 F0VRWNGRO7T');

INSERT INTO "USER" ("EMAIL", "TYPE", "PASSWORD", "NAME") VALUES ('platon@example.com', 'admin', 'pass', 'Platon');

INSERT INTO "USER" ("EMAIL", "TYPE", "PASSWORD", "NAME") VALUES ('user@example.com', 'user', 'pass', 'User');

INSERT INTO "USER" ("EMAIL", "TYPE", "PASSWORD", "NAME") VALUES ('P6M4OENGHUXWDQT96E1YT71GHS88XWQXOU53GTO M5IIJQG8KU6DI7GGCT50OMJMFS QIJCYFOTJH07CBX6XO NN75BXT3K7SR72', 'QYXXFD0BP4POB 0RAWL5GOY0A97IFO X1WO1DBAVTMEQLXTJO7LUSBJ95VDH YC6BRIL LLONANUIT8YJ GQ1OOH982Q0T31O8GP', 'REW LMS61WF6QISETMCQFGS0M49 ASQR7N9QY3P922GDBB8THA65WJYRAFVJCK5B3KMY5UOCE754D8SF 2R8LAAVCXGES8L AT45OI6DLT09RXSIVO38YL96JTSJY8XFY7LCVAN3GP2Y4OL6V1PV71BHUD4DTO 9IRAVV5NA5RUTWGLI27N6DV1EH4BO8CQ0MK1JKMOJ21FUAU8HTFHO7  J0NNQSP14CY7JLYCDUQGHB4XYP2CA9XPC8S13WTY', '3JDBIIL39HQ5RQQNTVCNMNUCR7ODX0AE Q1CE6E Q8D L64URO F37L1YAOUJV UOJPTD8CRMB3101QQI6XVO0AA8WWC0IK2MXQ ');

INSERT INTO "USER" ("EMAIL", "TYPE", "PASSWORD", "NAME") VALUES ('270KIT1PEFM34VJAM N404TS0HKNAHRDGYFS6X90IEPT9 QDS4XQF6PR3HQM1QL88IPEBGGPAWTLSJ3ERUC6OPX94AOLWCHH13H ', 'WYMW09KYWW44FCN8DQMCCE21JS809RFF0R35VNXNXJUNK K0K33JCH9MPJ IEOKHKCWEK7TPDLD X56NIEYSKK3EDKH2K G9U23T', 'VVENHH087H81JQ78QPNW8XXU89HWUPGGIRHSCEC E72U94OLHXUBABU3HIT5D60J7V LJE5A6KW39SRNSWKBJB629L1AJ1JC BTJW99TOBKILVCW7BQ4IM5JPHL9LRRXSG3LNL7C0K3EPA 039KJ4RJ7TE2N6P1EIY0CEQ4K2PMIHOVMR0DUQWVWIU5IDWF VSYU8UTCRCF64KVDG6LV15AEKLQFM6LTL6JPIUTGUF AD5H09MU079KJSRVJS8W', '3XW8W25 BM16UDJANON9DV 5PW9SVVDAD00V7XMP0OXQ69YBE7RVU4JS8NKI8ETG6SY2S9JFQKNVKWDVH54UQK 6AUKI1L4KO5FW');

INSERT INTO "USER" ("EMAIL", "TYPE", "PASSWORD", "NAME") VALUES ('LTLCAERA9VVVA55WP8BY8OCVA74BPGPT8JER9YQK1D7LBL2337NUQY7GD4538WR143M442CU2E7KU64R36L65V05W21LS9EKW1VR', '35GXNK0ITUVWOW1Y3VY5O OLR5MNPR8B 6D1S3N0DUHP6Q9VHQFJ9HC256EA9L2GFR1T80ECVR3D34CIXQH7WCW9IA65YWPNGXHH', '58NE15G8S06X88GWA9I 5TV77QNRG5GB790FJD4T8U21W8BXXD9VQRDBB XQFF1IB3BNDU52OTV8S8B2RFMNPGVNS HC5O TS W8AMK12COLUJTFM6KJLNDNK2I8WE05X7GIK78IFRRDMUYUDAE DJJDOII7EIP66SVYXGQVR7S 59PQWBNJMNWL5H790BD5XTD7ROG83VM  BQ84Q7WF1RO10OJKI31L6F2WIM9IQG2AWL31X5YF35QG47BF9T', 'MITN94WPRDR2NOPOU7QDR2KVDJ9Y4FL8A6A4LQT83R1FPESMJY2TNGGEXD45 KYQ0QPWTBW5N83OPI3RYW467RDS27H4V0GWPQNA');

INSERT INTO "USER" ("EMAIL", "TYPE", "PASSWORD", "NAME") VALUES ('XTLCWES75JUPLOPH2T0MCX8PMUU0P NDVVW2VUU3KS3H5CHLBOS7QQ1S7KOWHGFYBB4RU765OJ7G RAMTTF4VGQB6UXFR6JPTTG0', 'LVGULJTWOCBYK01QWL819QWVF948QPSFLD5XNR0PBWLQ16DU2LEOONQML HO47 BAELT9DQN51P0PEK47D5QHKY3VNCVQQSBN86I', 'ENPSJP45E3QR3NCIPL5WRQKXEHOE2J15IN4JN4YRN0P94AEJ7UM4H1OP39G5CBTJ833YQL 1PFE0AV5K9TFUGL3XS16MYPW96J5P73G7XKH90N76BLJ973RS70F9T92BJMRML34EBLHNPEHSEAWXET67ODPSY HG7X9WPP5GJTU01FBK63BNUL4 6HG7NFNAN6X0EF00XJ HUIIH24HIHRUNCLYT8PL65 YOQFPJF24J228A1M1WH6 II1H6BFN', '7A003XNTVOTXR12FQ4YEU91YJOGXXRQX6OH3S2B6G6FQEITUQB7EWQF5W3NTXDDOBY3HQVPB1QXLWEDWVMLULV3F1B7DJ8XPD6W2');

INSERT INTO "USER" ("EMAIL", "TYPE", "PASSWORD", "NAME") VALUES ('F GK40VQXMFXO7B955G59L MPR762MK5URASRV78JK366ABDMU7DECOA7XK4VGGB 45LMFQN CDBP3O  PYFP270QFOP7KLDEOG ', 'QYXXFD0BP4POB 0RAWL5GOY0A97IFO X1WO1DBAVTMEQLXTJO7LUSBJ95VDH YC6BRIL LLONANUIT8YJ GQ1OOH982Q0T31O8GP', '8G5DWWAI6ORHVUY0ISSJG38MNM954JRLD4D8 979 Y05FFLVGLYE4RV6Y9L TREMBBHCHCV2N882J9 67IEY54JK3RHXO1KCIS9LBTIIS3V6QWKQM4FG V9 I0FUDH0Q91KLKIVJPTFAU5DQDRF2FYJ6ELWIVF06L7B1OF8KJ9E30VXRWCSVKEF7SRGJGDDIB2CDCOHD51B7L5CVEHYTPHIIGEMKNYFX00O2KLW57DS6B58GVHDRIJX2 2 0AX3', 'LL857ONPYUHG UXEW IR5VQ6B PH7XHGPKBRTUD X0VL BFNGB GNW4KFCTRV9R2036MSJ97T56O2WRWMAQ33 TOP0EIMV355I0F');

INSERT INTO "USER" ("EMAIL", "TYPE", "PASSWORD", "NAME") VALUES ('UEDG2O9KV50COSLXDB85G J8ARV192J9R4HWBCQHCIFLNBUVT5RT7F DDDHRGYL2TFQ V6JR3RDJNGFGK78 FJS1X95SI2R9MOCL', 'WYMW09KYWW44FCN8DQMCCE21JS809RFF0R35VNXNXJUNK K0K33JCH9MPJ IEOKHKCWEK7TPDLD X56NIEYSKK3EDKH2K G9U23T', '3478FKMEH75FE3AQD37IIU4A4O 6AHAR SB1OYDEDCVT862HSM9XRWWTEP0VOK3C1YT4 ILT8OROX46PETW436Q8  NRD8NC4DQKED86WYNOLPG68R Q0DMQG54IHFCRHISFUWCGKT2KC0W3PD1DWLQ4OP7W0DR4RPDW7S77WL533FNBPCBN32DO1XFPWLLG00H38Y6IWGQ2PK05I4M9TG0A8TYRWUSFPAT8MPTX0AAB0DGFRYIW6LA9F7IUT7C', 'AQVWBHXDH Y9A7VI4AJGPRD2RV8OF8W6JS6DRAKMOJIK3JHUNJHKIDP U CESOV40OLP3UGM9 9JBNGINW9I N44IG WTASU9WXR');

INSERT INTO "USER" ("EMAIL", "TYPE", "PASSWORD", "NAME") VALUES ('I0GK22PT FV7CKJCB8NGLSX4K52 0RU9QP26J1QVNHPX0XWDLC444XAMGYFNW55EM6 9TW4WBXAOKHYCQUQTG45UOAQ1DRO5 CLQ', '03PNYCI7S U8RO37OPSPNPADWTRGYM5WMW81XG3KA4P2G PES6JLFF1F141BULSLBFC3BXUSD7VKDOL QFESDDXF2HX1X9M6YKTX', '3P5QJXHUN3TYOM3LLIW5C8NYK6ONW82G5A178M33AFII2558JAQBBW2 KEMFSP HS55XM5NL3MOED3D9PY1KO0JG9I7MGNY PEF51QHJQRCPKVSR4T7 6C2M49DOUH3J5HPWUN98ICC7MQR19KDERI W7TSO EY1XCGRDYV677ABJYUG7AI8A5SU1R1DWM8FD9111OI05OK3EL0JIJ9LONC7P3C4N5 V9 KNBRPI6FDA8PE2A76AWGSTV7T B0J', ' HSVXBGKW1P6A5VKJGDMM04GRJH62GC7QLS6N3TWD8YVXLOQDN1X5Y58KYM8BXGH9KGLHDEI1PUT 0JU76OP94U3R3VD2B9S6TTF');

INSERT INTO "USER" ("EMAIL", "TYPE", "PASSWORD", "NAME") VALUES ('FCXUA2XU7 TBTNVJPCR5C P3P36H779S1MPHK8T29NY4MQTP23UPAX04A7T3DQ8VGKCEPU38797CK4TV GIGX 6OON7H9XPROF4U', 'LQATK38QBOUE27CRYHQ42U3U19MMCC3 2Q43T2SBEY8CP0MLKW7YCRSUD99AF4Q4NGP1582HKKWHSMCVGJJ9VG9EHLYX8YLHWHRU', 'M1LW7O07OOJM868GV7LJPXSJQMW9P03I5KOPXL61LJJ40D YYEHDWTV84ODBMW5Q2A3GQNWJJ9BB9YPXKL INMSVD89FS7WF378C6DQBWT8JE62M 1NLADKP 2KRU2X 7SUFID39BNYWE8MOPHE1X729KEP94SS6F31GJADJHVN7XDSYF7N08B4B 3IQNMT 0NF1VSTMA1U4AX KW33GKTG15F9N1WEPBLXINJM8T8H3G7GY4FX6XXOQ9BJELYR', 'MPP7S10J5RMIHYN 8UEPLHQCIB84STPDG7LK4UVW6PK4BYB I0EKXRM12148 1W9IKFXAQTY1AFVG7X9P1WWCLWR747QC05BHXVE');

INSERT INTO "USER" ("EMAIL", "TYPE", "PASSWORD", "NAME") VALUES ('19QKO6VEPV Y  A3D3QLMGAY9XQIU2R H PKH9OHQ1B4TS24E800 BIJEQBF8WFONGTYLUOI3QRUBJ5UFCACSBN4EJA4ASLLQ6RT', 'OYLBNFXAG877M9UCJ9C9LEFULLF B68B9LH32SF9DS8IAKRXQ61UTHB0SPLNLL0RKXU17TB MPY8VM2695OD63L1MFAEGULRA2F5', 'WXJX PAUE93WB3JEU76QM XC3K4G0B5 FIM8FKRHD SURGDV8GPI541V1HTFFRW5FXJ IDSFSG0I7I3WD80LU8LMSNUC99M7A6ITQX5HGF0F7U4DU6KTK1XTVT6GYOS QFBOBPPBJOIK3Q03F1CD SDN0UDGQNX9Q170BUCKG7UD 17RBO VHFC5BUGEMEJOIG0LL3 RX6SJRDA0U6HACLAB411SEU6TNA1NPXJAWUQB3YTCPRH3IJN 1R8JLHF', '5B64UELNAQMNMV9O LT NU4Y3A 0811W8C31TKX8VMFA5 ARQIHJ7VWY4GW3R4G5PIPOEQP3XXAIDE9P21 HWH P 4CK7Y1KEJ08');

INSERT INTO "USER" ("EMAIL", "TYPE", "PASSWORD", "NAME") VALUES ('3WF8R35VIDB9IIS986VBMGGFM686PP9HATS7HB88L0O9FPKQO3VJ3PJK 2NN3LSIJM2OKKN7XOSFJ3O0MUL IG4YBXM24FUUHS1Q', 'HTQUMF72OFQN47IOHRCDDM FDI9QG89PKVMUL0VP12RYJRVPKWDJSTXQ0CS7BQ72GE9 W3P0T0FR6N8 B40IBB98AVC34G09QVIV', '5XD8T2E IOPJAGOE7WS42S6W  LPXMKY2HNX4UADNRCMH21OYLR2GQ3L 46LOJYCVO74Y YOT0KY9 9CSEEJXOI8KYENWA5DQ7B986I04J8 GY62V1JAHQBG87933KDORYEC4 OGGQHPBLBLAN4JLT2UEWWP7UF1Y6 WCPR4P8JPF9UNYKD33LY1DEMSJDS79EV0WCU8N0R1V2J3RHJB9JURD8X7V5M1HEW8AUMWXBQB3 XPI931RW9OIBFAC2R', '5GIKUS20JNRV6Y97UI8VWXMSVU5GT8X8TTGPMEKR1TUFV17DD9XVOLYB9LIT3EAGAD0D YFYEHX9M5KVYMQ0VRF0 N8H1UR K906');

INSERT INTO "USER" ("EMAIL", "TYPE", "PASSWORD", "NAME") VALUES ('23YEY6L7VQYMPNIL6 PCNSA6NURNUDTAL5LNCRGQ5T9EQCG53KPP997K7JTCIYWXH0 4XA3 QHBEPAN6WIGCHDCL067OINA3Q2D9', 'AURDN646FWYK0IUWIUWIMVY1F1CD0CT02K0V7I43UDADCT8 4EJ0KUEFV20XXLFAGOAOD7 6I0LT5MLVS6EGV6D7KD105V NNWK9', 'CB83QDREE5N5MVP3DT6POPOCIVSXYHNL0F9P5FK6 STVPJPUYBO34IQX3B3BN9BBXD41P5GNX8VXOP8MDHK7U3MJ6RXRA17M1KQN2MD3KS7GBGEJLQV4UQP9MWCFFK90AD96HB3H7MFUVA CLCX4M55W9FKT127IP17FT66G9WHJ41MFDJDL8GWX0V6FP2KWBQBEAHY95LJ6F PW F3285NGTQ0 ILLK6IM8SYHUAN4LKVEFJ299R4V7ME7E21D', '8M85DSW3J51X6XPBN742UUX13I25V6QKEQH4SF0EGV71V5BJTPYXRMJVE8OLL9WQ4IJYNJVHS9K WQHBU1R9TYE5Q 1869KNQAQ ');

INSERT INTO "USER" ("EMAIL", "TYPE", "PASSWORD", "NAME") VALUES ('N3QQNXP0RAQ0W67UWS2DUGYO3190YLWRM4XHIF0W5TRP3W017O5UA63MLBNNF1QM5QOKP9M0BQ6513 18PSPF4H4I7JS3TS3MWB1', 'WYMW09KYWW44FCN8DQMCCE21JS809RFF0R35VNXNXJUNK K0K33JCH9MPJ IEOKHKCWEK7TPDLD X56NIEYSKK3EDKH2K G9U23T', 'C9VHJ89 S57ULESY5H79T7OTKQPGI90TNNVOD1DCXQSB2E8R3UH6UBWJLXUCFN4E4X TY2ARNP9E 5C4W8YUQH7MSRKVG TT69PHNF0GERLB0UQGH5CAP80 PSL3JIOO8F 2K7GYV690IPUHWLTAN9PR401WCH5T0Q7SCLE2WR29G168E6XE27JFX GW97KF914LDPLXFV9KH50 CYM05RPQ5VRJ6 9X NX8OTOVKDH9WDJBALB9RN9O 9C0S7E', '6WLDNAITENH X1A3BCASHQK9CF925F8WNRNVRXBULF0QTL8QLSDJRFG5VJUJ2B5KLWVNL69QW46H L4OAVAVB6WORVOEOCJ7NMM2');

INSERT INTO "USER" ("EMAIL", "TYPE", "PASSWORD", "NAME") VALUES ('7OXJUJW1182B 3LG32X0JWJ LC QN4ORM25 J84S0Q2INLIBRW5EJ5MJ546E FYG9RG58CLMJ3RMKI BKHQRFA6KNN07IBRG35W2', 'QMIFNIIRUR85VDDCL9RUO1KOFM 02AMO357MKW4Q1OJM1A2ML 9E50SOQNFFERNWDVC0V65CGFO9HXVKLV 00WV6AN21JHWMPMVA', '0AI48W45JMMSGO3Y3Y7R1DM6JTCXBC71NF0RWDWGX2MN0FP9E5I415HDW5SO7SG76V47B3GX6FRVKFNFOWP0RW0NMOU69QER37A8CO4UVH3SMLEAMEKFG33PV88DSGHJ84L2NF9DP642CIFL7YDR6UL41RBOWU98RLJAOBAITJVRRF91O0XURYFGUFVTHG9H1M8YMYLAIS DM8H6M9KURUI39J819J2TQF8FIKOKEBJSKIOGSF7FMLVDKKBXMY9', 'JCEG7PQPT6W P0RNG2CC2GRWNE36PJ7RJ 8FSWB8FA15NM68 R43IHQRT61K1LACY8TEKUNKJ7R OU0NQS4JQJ7AH0CETFVKS9UJ');

INSERT INTO "USER" ("EMAIL", "TYPE", "PASSWORD", "NAME") VALUES ('2WCJVVTW6MSC9Q7SF3Y0QI4JAX22PPG48IVCWMTW4A6YAL0FRY5HJ823KTC8DT0V293K7X8E8EQKR2G YQEH0G8SN6EQ 1BA6UAL', 'HTQUMF72OFQN47IOHRCDDM FDI9QG89PKVMUL0VP12RYJRVPKWDJSTXQ0CS7BQ72GE9 W3P0T0FR6N8 B40IBB98AVC34G09QVIV', 'MUFRK23 4FN6CVEGBBJ7MH HJA3JHU9H9L3FLV42NQI4OPUI LMIU9EDQ9VT4YMF H4G5AVHPUO2 YBHP9 MXRWM0LVNNPXSXCCK9E8SUG78QB03K91I4F7CAO51AQNA59S2E5RMFM8FVAR3LUCQ3LOMG6YJOD OLLLPE6NMTN2YP219NIMCVADOA2N7URPS5 1VJYQG647M0R0FL2SX FYNFKTO8UCEMCLDHRKTOX9TW4HF5JUM8LRTH640PBY', 'AI3WRGK18OK60C0X4VQ4 0 WHT1MQBXAWED9AMY9VMMXVNCW598NF8VKQ06H3MKEGJMF0E9TDP8QXYLBH 22HWU9CU4VVG6U6HG ');

INSERT INTO "USER" ("EMAIL", "TYPE", "PASSWORD", "NAME") VALUES ('XEFKECIBE3R KVO8OT X4NG56U3J6F6I0QQQR2Y5LR29E9ERQYJ MF5S4TX2 PV9XKAKK1VTG4GXCFDV L2R0AJTRJANJYWJUM80', '5WLJCGWA9XPNKC2I2Y2F5NFU0G79X58UM0N575AYYE7W5R38C3W64CI40NI6E26I3GOWMJFQH9T WM R37CCHG M1TV44B2U3YSQ', 'FMYWLBLBHC80FXRX4YA13X8TDWPHYHOEPS8PIHAR72GEW22FEJYOIRJQN38VN9635KY JXDGTRBI7O7R7BH9LSGVYD4HU3V4RE8SOVAH34TMTI3DJP0ILJT6MX0NTFL9HLCDG35NXT95RSHBCX28BW391VTUB6YXCBX4WMWE7F5ML1VDP5DD27OFM7QPPMD5DPWMK18VWEEREAJXNFY3N4LLTU81SG POTEKM7OTW42HTWI08R6OITSC3O4T0RR', 'FEQ4KJ09JL3BWU1AI4K2CM4CQ53XGCSAQBKXJ6UYNV4BD994I4PCS7T7Y1I7UP HSWU9IA3 X5W113D365SQ118KJHKK1SVG3WJE');

INSERT INTO "USER" ("EMAIL", "TYPE", "PASSWORD", "NAME") VALUES ('89IUO9VDHDU3 GMDAG23LLMA1W5SNOKBBAJHMC493MEVWB56LRKBUN7BSW ASH7YL51UCI1JJ85AIYIT8IBXDEBC9R51FUYRWFFQ', 'QMIFNIIRUR85VDDCL9RUO1KOFM 02AMO357MKW4Q1OJM1A2ML 9E50SOQNFFERNWDVC0V65CGFO9HXVKLV 00WV6AN21JHWMPMVA', 'YBJXUOHHN9WMS PPCN0MKISXYYDF581FWGQ7GXLPFYVPVKWPA0 6D3 FAXLG9X8JAA48L1N7X16A3T3XWIE V8RIYLWUM2MDGYCDL98MIMSMXFAKTDTHYFT85JPHT5Y0EQ05YD9A7SL92PYLDUQFOQCDQFFIJ9CARWIGCO4GQQG0AGWRK6MTCOWH9VAFPXBWWO9FI J1HK2YM CL2PRY9DFXWLHXD8U9RGJIHOPTEJ1G47YF5RDD GCVHC31RV9', 'T0IBMSGH5RAGTH97G1VA1VC3V8MXR3JXY29SP8UW58ECFEGYPNK2ROQ8DASENANQNNWWRXWVM0KMN9LHIVMANCLOPPE27CKWQKF0');

INSERT INTO "USER" ("EMAIL", "TYPE", "PASSWORD", "NAME") VALUES ('IXAFDVGAB7I8OK08OI082URWDMKRBBLUGVEIBL7KFXTLICO7YRD303EF2PNB0ETK6KWI64NMO01GKRTN0WAF0W01NYR3CWS3DA6J', 'OYLBNFXAG877M9UCJ9C9LEFULLF B68B9LH32SF9DS8IAKRXQ61UTHB0SPLNLL0RKXU17TB MPY8VM2695OD63L1MFAEGULRA2F5', 'J0LHFDM7B8WX64HSCSQMY92C6JT216 BRWF85F90T8V621RA8L0JTVWPK6TCK695NDFQX2JHFFT3CHIBRU01DW6YJ96OEGWDT10VDXXF0G0YH7P6CG8 BGN3C8RSQSQYK6OI9PH27LVXA3WH7056MVLK07FAY7 8 NXCQCP HSR1T94DCRB8JNT4D 2PTTI003BY7VQ71O3AEV BLL9QNFP11 OG8YNIAOFWBI45VHDJOBK6G3L6QY3WEA6UJ1A', '1DH7C2WXRFVLR8N89DQE7QU1K4XV4377H2915Y3OQACBJSSVUARMB7X3HK7D101EMJVR5S3559 124J ANAXPHVVEMTDQP29PDV2');

INSERT INTO "USER" ("EMAIL", "TYPE", "PASSWORD", "NAME") VALUES ('1MGQGCLJR8C6CQNX78YUUBCYTJMFADIX1UOYWXYX5SI6237LSK0U5SQ44KQAY63CI1S3RPEX0X1R VKO7 CPLB722R49Y23PY NR', 'HTQUMF72OFQN47IOHRCDDM FDI9QG89PKVMUL0VP12RYJRVPKWDJSTXQ0CS7BQ72GE9 W3P0T0FR6N8 B40IBB98AVC34G09QVIV', 'AAAUM2M1MQ61LK5JBBEYWW8EQMOL47QUD8H7EOQ5V7AN3723EBGY8IBJ MJ G4R965F7IOJOIM3RO4VXJBQBD9H1H5XDUE10HU0J4VVBM3FXT0LBA1FPE36VHQKV9DO4KWQW9BQDMJWRXXE IXDXC7XJMNTNLRX40OQ3WF9MDMNXB7L9MA2R35H5  QUKH43VATWWTRF5UK38EN A4MYHOQ91K MVTVMLPI52FPLLE6 RE6JP8WE8VP1M2X838U', 'K6C9BSNBQCQ461R44FBQG854O2Y9L6MVP8NU3E4414POO4LBKG9VBFE7HINLVMIG5M9G3M3LPM6ROI1V4H57G7PEWYLBOBQCKLUD');

INSERT INTO "USER" ("EMAIL", "TYPE", "PASSWORD", "NAME") VALUES ('FP56PO0VKXCS0 I X XJMG1NKGG70 LD  AKUOY8W6 QYOKWKTYLXG7KQS5CGYA35KWA3 TCRNVOUOVKKWAJA5QV2JYU98TVBMUS', '4KPTR X2ASVMC1QRL6HSIK5OSDU EQNBJSHYX4TKILH61SIUT3RJKUYEA7M6PR5P9V7G842X0VGX49FKTJNQ372CPRPTGL4 OW C', 'U0MWP0GPKTCMCYD SE8BY 2M41VIXOJWFEISFDFJ8AHQWRQ06BI I9WSOY6G 2U3KENM9N252VF0H08CPU7O1JBSGH 1QJGK023I57HL1WILXFT8TQAVG5H7P329JA1N WN62DY5O0V93PT2J6FLTCVX7PXOQFJUBSY21C571DHGVESGHR6L3B9X8MWMS 4RA E838XCOH2B7 J3NGTAD3NAPK402V99S75EB3G8Q82L1T8UQNDQRPECXNFG4WR', 'KY68KL8AOWAG1 THWO4UVWL8V0IBSUDSD0URM8FWW0H1Q J6DXLXHDVV0ETHSNCL1FJ81BN45KMTS0XN930B V2O6AO6RULFTTJY');

INSERT INTO "WORK" ("WORK_DATE", "EMAIL", "TEXT") VALUES ('1157-9-6 8:55:23', '89IUO9VDHDU3 GMDAG23LLMA1W5SNOKBBAJHMC493MEVWB56LRKBUN7BSW ASH7YL51UCI1JJ85AIYIT8IBXDEBC9R51FUYRWFFQ', '1KAVYTXLG6BW0INBA01UIDWBC3LNBNDCKXX BAOAUMAN0VOHKER5YIVFVXYEOXWJC7XFCO1YE7WFXH9KGOLP1PP3GD4WHW3C72P99JIM9TM5BUX5KD9I PCMFRDIRTL5GVBH5UKXX6KQNTEATR6MSIYVG6NPG37RSSH72QYXBTH4BJKNOWE4GIT8PJI CJVLASMHXNKAQ SBKEGDWMM6W9CKOH8T76PJGLQIKDE6XQLCM394PL8WVM7DBGPQNC0');

INSERT INTO "WORK" ("WORK_DATE", "EMAIL", "TEXT") VALUES ('1464-3-2 11:40:33', 'N3QQNXP0RAQ0W67UWS2DUGYO3190YLWRM4XHIF0W5TRP3W017O5UA63MLBNNF1QM5QOKP9M0BQ6513 18PSPF4H4I7JS3TS3MWB1', '28RJEQWNA1XK9JLB3P78H2T4KYPHB8N65WKCF2JMWM654D452WNB549 OD8T6F R9727Q4WVPLVD2Y9EARVT4IOXQOUJXLJKH95RNDS 2B7Y86RWL3OPQN24AG388YQFDMHCG6FTSK57SPRLA5KN9VP0GOC0SQBF17FWHU7B8IF6Y6MM9JUX1F72UOPSB AR4D931HTKBPLJY4 AWDMIFEE1M950LOYRRVX6K8AWE5XM3 S 51S1VUFSHLCUCQW');

INSERT INTO "WORK" ("WORK_DATE", "EMAIL", "TEXT") VALUES ('683-6-29 4:52:7', '270KIT1PEFM34VJAM N404TS0HKNAHRDGYFS6X90IEPT9 QDS4XQF6PR3HQM1QL88IPEBGGPAWTLSJ3ERUC6OPX94AOLWCHH13H ', '0NV74H2WQI8JDN39CGG0RSQO9MBS4GX 42YNJ7W5M3QAGYQX4TUPLMWUPTCPAQ CYP1KN8IXC5VT6D1I7SX35W2XDC55H3HEHWK4D2MBS98LGB24NDS6M5Y6S0I GEYUVHA5A9VQ0IUSY6T3P6VR W44K5NROMUNDREDMERV7H3FVG31RC3EPR1LHO6V8RG4INI793PNSBUA5MRUAIRG2D2OJY5JUR0SUJMXQY2B9PBWE6GQ1UL1VCIRSYYNYPO');

INSERT INTO "WORK" ("WORK_DATE", "EMAIL", "TEXT") VALUES ('618-9-19 4:13:12', '89IUO9VDHDU3 GMDAG23LLMA1W5SNOKBBAJHMC493MEVWB56LRKBUN7BSW ASH7YL51UCI1JJ85AIYIT8IBXDEBC9R51FUYRWFFQ', 'G5F4I8O3FAU5MTPS6U1O1PFLJI4HYLNI9DQUTLYXRQHCLBS9WOEJ6O9DW3GYYHPFLKH0DCILFLVEOE0AXQN3XONV46J0 1 B3 99JN33R T6KB25LA3PJ6C1OFDP27MWQ02MIBJAE8NWQWK4GUM41B5MCQLK3RVXR6JI6TNXBT89FN99G1JF8WYF86ADN WWO8UT9A9QPCXBOSWNOMS8QEK1OX6H7W0CA1LS7IA82LOKA386LJSGWWX0BBDJY5G');

INSERT INTO "WORK" ("WORK_DATE", "EMAIL", "TEXT") VALUES ('1271-5-15 9:44:49', 'IXAFDVGAB7I8OK08OI082URWDMKRBBLUGVEIBL7KFXTLICO7YRD303EF2PNB0ETK6KWI64NMO01GKRTN0WAF0W01NYR3CWS3DA6J', 'NMK 2CXNY5HYVU12RXXHHX7 R1WNMU1K340SPOOBA04QKPT82N D2QQNP2C89NKPWCP872G7K QJB16LT24IE1K 1UFXCXC76A54G3PDYPQD8RL2KQYF1CGYY6516 MJX3 RP7IVL2NVUM6JQH570YSOI1OEHXD429 1OIKRI89422O0RGMHOXL7PT9DDO5EGK3AG095NODR7FIGV2DEV2MOF2CWDU9XS2HGJFN7T51  PRVAYMMR278FOKEFWJ');

INSERT INTO "WORK" ("WORK_DATE", "EMAIL", "TEXT") VALUES ('746-11-14 5:49:39', '89IUO9VDHDU3 GMDAG23LLMA1W5SNOKBBAJHMC493MEVWB56LRKBUN7BSW ASH7YL51UCI1JJ85AIYIT8IBXDEBC9R51FUYRWFFQ', '7Q1D UAE1RNFGKS6C34PD0AE3ETNVV2LTU57VOVVV4HVGI94XAU4FKYVF YJRGEMCJ9KKSA3YH9WQPKNRSLJ0X1XIORA5BMJG8K56AEOJAT5KKTH D7QYW9LMWA5L1DSR4HW8PT0XXBETT1XRTSQKP6H1XTH6KYN0FRVU  0FM7MTN 2BPPMR 3X51WUIAJWV8F7NH4BFM5 GM4IVKMPXT4WBCFXSY014HRBTY78AY6P7QTLPVGF N4YWWHKOS3');

INSERT INTO "WORK" ("WORK_DATE", "EMAIL", "TEXT") VALUES ('257-6-9 1:34:16', 'F GK40VQXMFXO7B955G59L MPR762MK5URASRV78JK366ABDMU7DECOA7XK4VGGB 45LMFQN CDBP3O  PYFP270QFOP7KLDEOG ', 'AK3CP1K PFMK8 D3C5XGCDDRFDMHTDC9D0U02KV1CAJU59AWCH02947I77D6TOMSTAHY74UODEIU83QUY3942QUJWWXHVU1PQAKK40U1P79PC 9C1ERNTADVPXXOHPFTVXNKX1P0XBDTK2YNATG0QC9BLX AAKXQP54W LL899EU3W6RXS8U61GE1FI63C8VAXCUOJ37LOQRANREVSW0Q17HB3YESFCDF9I OA74G6RTQ X6PE3Q1H9P9JKCJSP');

INSERT INTO "WORK" ("WORK_DATE", "EMAIL", "TEXT") VALUES ('1904-7-10 14:45:22', 'XTLCWES75JUPLOPH2T0MCX8PMUU0P NDVVW2VUU3KS3H5CHLBOS7QQ1S7KOWHGFYBB4RU765OJ7G RAMTTF4VGQB6UXFR6JPTTG0', '7G6T3PSE21GOI14CFN3FHY3P DHJOKT52IR9CPIER66OO2S28MJE I41 VM DALWH84T1SIIVF4RDU8HI59F9UD86KQXMBMNR1CCX49BOW0Y GAH G UN93LTYK8XBYFYYNLX6VVDFN25A9C2CCTR86V 6XS487PXO69AFXLVHVXSQ0P1D2IFEX8F1NA83IDBI7XINKDV7J54GXOWQUXTJB6S0NCL2HOJHX1DNHFVEJDN8YPG6J1ELQOF7SJWJC');

INSERT INTO "WORK" ("WORK_DATE", "EMAIL", "TEXT") VALUES ('499-3-12 3:4:4', '2WCJVVTW6MSC9Q7SF3Y0QI4JAX22PPG48IVCWMTW4A6YAL0FRY5HJ823KTC8DT0V293K7X8E8EQKR2G YQEH0G8SN6EQ 1BA6UAL', 'CT8O10GUE5HR25YJOC9UOUO54JE191 TF23Q6P9DFPJ6MNQNXV2OK6029  BX645F30HO6ECXGDRDHUT38FVEN H9K3NRTP49GMAN9CJSXDKIAM3CCSCPV8 QQF3XPS07F7K48QAAKLK5 O15W9  NEMNTENHVFQ05OQ KDG5IRWCOQSFGLRL5F2EU2GGO LTINB3 7DFRAN WLYJ87OTPBFSO5LNOVK35DR6KD0O16XWCCQ6A6RV29E1Y 9XSP');

INSERT INTO "WORK" ("WORK_DATE", "EMAIL", "TEXT") VALUES ('1966-8-8 15:54:44', 'N3QQNXP0RAQ0W67UWS2DUGYO3190YLWRM4XHIF0W5TRP3W017O5UA63MLBNNF1QM5QOKP9M0BQ6513 18PSPF4H4I7JS3TS3MWB1', 'OX 4CGUW6GPUNBEOA6WRU APB D XRGIV3JPM33CBDL7VO3ELBFMPDK0WNXCXIWBNI809 CLKD96FTA5SF8HAM5XAQENCDXM50WU4XDO5UQXV9KJKPQ76ANRUMWO03ISJBM5J6N8F4AWA0AOLDPUH9HIVJUEAVDU21S3CEJIPFIMCEMHMH5LUXWSPQ Y281FYQ0YXN4JEX9S57FED0CUD1TWR7ALR8VWGSA5AC9WULM8EMFLMWW2TQ2RF01SC6V');

INSERT INTO "WORK" ("WORK_DATE", "EMAIL", "TEXT") VALUES ('133-12-7 0:34:4', 'F GK40VQXMFXO7B955G59L MPR762MK5URASRV78JK366ABDMU7DECOA7XK4VGGB 45LMFQN CDBP3O  PYFP270QFOP7KLDEOG ', '8VMSATDOWJG2 C94V8WN EL5071R39X 1KE04J0QEXA96P3RQ1PQEUMFVI2C8LNUNVCRJ XP1IW57SJD9WYLBH50AXUU5TYV 7H3N77K1TX1HEDS9R6XU4YTSXYOW2U9O TCNSB4ADXGOVVM5IRPC3AGM5YKOXQ1 O65WU6XDTF8K3L816177BPFO58EUJH URDEY03BGRSF3GLTOR9Y277 GM6HYLANSR3AIIQGFTAFDXABF9KSOO8376 BNAS');

INSERT INTO "WORK" ("WORK_DATE", "EMAIL", "TEXT") VALUES ('1-1-1 0:0:0', '1MGQGCLJR8C6CQNX78YUUBCYTJMFADIX1UOYWXYX5SI6237LSK0U5SQ44KQAY63CI1S3RPEX0X1R VKO7 CPLB722R49Y23PY NR', 'C28XAE097TQ4YNYKGFR0U07KLPJTOTC28LQD5MS6AS6EWDJMQBEIG4UG2JGQOE1I6WXUWCLD66X5H284HI8YC73JVTNPOL51W6FNUVR84HQ89I25Q0H3FQ1S5D KCP2UTAW LO3H4UGIYKO4CJBM 6AQTO74K5LN8Q30 EY923VPP95Y F 3HAY5KV82LK4I4QPR8SA3HMVGTT6W1NO0QXQCXRWXWRMXC2J4PUIYRMEAXKXOPVRRT3TX5Q698NH');

INSERT INTO "WORK" ("WORK_DATE", "EMAIL", "TEXT") VALUES ('1012-4-4 7:56:18', '2WCJVVTW6MSC9Q7SF3Y0QI4JAX22PPG48IVCWMTW4A6YAL0FRY5HJ823KTC8DT0V293K7X8E8EQKR2G YQEH0G8SN6EQ 1BA6UAL', 'RF7D06MK83TCN 14B FIM3YW09X FPBQARB14MCYOEMPV4V0DN99U7VA143BQL W9J7F4BHPGF6F9VXDP6 FH2BQXCN5EK30QNBFLTLD6M6LXY5JN XEKVXKWANLJH6M9TQX  C1SB29 FPCX3YN24HOP6TO7IXWQJ8XPYOBQKTHELU6MFPLQK DEXKIA6AFH48F 3KDR78F122XAOFSDAJNJBW9M57F9KUE148W4VL7PQX0V80RKKDW TI2 HW');

INSERT INTO "WORK" ("WORK_DATE", "EMAIL", "TEXT") VALUES ('1640-5-26 12:41:42', '2WCJVVTW6MSC9Q7SF3Y0QI4JAX22PPG48IVCWMTW4A6YAL0FRY5HJ823KTC8DT0V293K7X8E8EQKR2G YQEH0G8SN6EQ 1BA6UAL', 'L5QQX 012F  03R7GOD12W1X42RR5 HO4R9C3R GNOP23TKUQH2PBTKTTI7OP7Q3T JP0CK5XA15NCXVVF5V4ODQ1F1V133QY7RITHMYO4Q804SJF2635RUKDEWPF1PGE7V5OY6T9EA0GHG7IDIJ37SFVC756A16H4MKUCNVJR2PBMIGRQ92P35G7L5TO1Q24IJII7OEW94C OT BVD6PG91IWQ0BDUCOEY9YY7UBDDIUPILU1J0V4OOJGQNH9M');

INSERT INTO "WORK" ("WORK_DATE", "EMAIL", "TEXT") VALUES ('1528-7-28 12:7:7', '3WF8R35VIDB9IIS986VBMGGFM686PP9HATS7HB88L0O9FPKQO3VJ3PJK 2NN3LSIJM2OKKN7XOSFJ3O0MUL IG4YBXM24FUUHS1Q', 'I65XTIYFT6YGHDNYCLR7D2YB2HTPDNMM23KBSIFW1J9T6 CVDC3OQ4L812XYEAAOUEUTI9KCFW O77K91BE08WOWLN7LNXXWOOKUX7FU2C71SKYDRCIYNBQ0T0FJQ25OO0SLNS R6EEOTM3P8SM7EB6K2IRHTCJQ0 W2WE2P48G6VYH48JD2LWBSR1TTSCGY2RQ2NLIKFIPV47HOOYRR 0E9J0LU8OAND0I4GVYJSCTWH ETP097XRKT5CJJA19');

INSERT INTO "WORK" ("WORK_DATE", "EMAIL", "TEXT") VALUES ('865-12-4 6:55:54', 'I0GK22PT FV7CKJCB8NGLSX4K52 0RU9QP26J1QVNHPX0XWDLC444XAMGYFNW55EM6 9TW4WBXAOKHYCQUQTG45UOAQ1DRO5 CLQ', 'BLXVLJS231IY5F1D5J6O5K6VIIKFQV4HRL9ULSW9 88LC51LNNFA3JC9SQOH EO32DAX0RU 8H9OXHQ JJCQC9EMA06DN4F L1RXIO9K63XJ6YXIB0X2YQJN S53WS710Y15MCU7DK2W4NF SWTRSOX34K83NWS18I07JCA0QJ2YJE25 94OHFSH52J8LM3OGE08BSC1DQS62POLAAI3G ECY6PR8O I6D0OQIQ8R6OL2L8VCC5PWY00JV BUKD');

INSERT INTO "WORK" ("WORK_DATE", "EMAIL", "TEXT") VALUES ('1757-7-22 13:37:33', 'Y38DX2NACM12FAFR0ASJD 1781XC86YC4QVX1XOJXM5QVOTJUKJH4MQCLPBK99 2GSNKC37357BW GTA3M3N5D4BI5QCCP90YBR1', '16BFED0BFLVOJQXMG0XSLTPYUAC20GC7OJEARNGXCV5BSY2UOJQO8X6L VY7AWTHQJS2EPKDPWDMHG4USDJKLS0AL6580TC6EUYUFFVL07449SUPYACSWRHGNEKFIK1ESBE6EKFJQN4W37LHABA7XWIK311NGCL5Y5V67M03AD8LCRH8PRO5S4P1RVIAX3ELST7I6V1BYRIDVC6239XL 3AFDX2AGKHU51GB1CL7VH4VTJ17BNOWG879LI01X9K');

INSERT INTO "WORK" ("WORK_DATE", "EMAIL", "TEXT") VALUES ('384-6-27 2:28:7', '23YEY6L7VQYMPNIL6 PCNSA6NURNUDTAL5LNCRGQ5T9EQCG53KPP997K7JTCIYWXH0 4XA3 QHBEPAN6WIGCHDCL067OINA3Q2D9', '3SUSCWWFS6JFBUR3S 5N3KSY2XAQKOI ICJKSD6W6U6XHX821Q5RO1SUIU3UCFDQBDP9ECJ2HTWALKV762D4M20O5Q53GBPITB8IJ76MUVKBIIHLJEWXK50 PUUBFU6KAK860O3YFQ7YI1LTE2XLK96 TB MD 6Y2D555  1G19DITH63A3M9TMI99J6Y2X9GYPLUOEJ6BBUWUAO067QSKA1ROSCBUFRXDVSKPNTU0DSLMVWJSFSVOTR4EDN5IG');

INSERT INTO "WORK" ("WORK_DATE", "EMAIL", "TEXT") VALUES ('1384-3-2 10:27:59', '89IUO9VDHDU3 GMDAG23LLMA1W5SNOKBBAJHMC493MEVWB56LRKBUN7BSW ASH7YL51UCI1JJ85AIYIT8IBXDEBC9R51FUYRWFFQ', 'GTMX58ITUSGLU2 W3425SPSRG5A3SOLJVNLF9CUR9AVJPA7S98V3W1UCLO03KP3 BU37VXX5DRHXBU SWCY6F59LBM6U GCYPYUEWHCF3LAVQPEWB0 QVWVDEVB 5S7CKJGDD54R26BO7JWWESI9VKV89DVJE2SS54GTIIO7J0D 2EFCNA0K72WM 24R75RRCBAPPOUIFKAPU 9LC2WSTSYND1B74G2HNS99HDU7BCR0AG3RAUG9UOHBS8MPYY6');

INSERT INTO "COMPARE" ("RESULT", "COMPARE_DATE", "SAMPLE_DATE", "WORK_DATE") VALUES (11, '939-3-25 6:14:0', '1-1-1 0:0:0', '1271-5-15 9:44:49');

INSERT INTO "COMPARE" ("RESULT", "COMPARE_DATE", "SAMPLE_DATE", "WORK_DATE") VALUES (18, '1818-7-22 12:48:38', '1736-5-28 15:26:31', '1157-9-6 8:55:23');

INSERT INTO "COMPARE" ("RESULT", "COMPARE_DATE", "SAMPLE_DATE", "WORK_DATE") VALUES (12, '584-3-3 4:43:20', '306-7-4 2:19:45', '499-3-12 3:4:4');

INSERT INTO "COMPARE" ("RESULT", "COMPARE_DATE", "SAMPLE_DATE", "WORK_DATE") VALUES (16, '278-2-4 2:19:37', '1-1-1 0:0:0', '257-6-9 1:34:16');

INSERT INTO "COMPARE" ("RESULT", "COMPARE_DATE", "SAMPLE_DATE", "WORK_DATE") VALUES (15, '1012-12-14 6:43:22', '686-9-24 5:1:22', '1528-7-28 12:7:7');

INSERT INTO "COMPARE" ("RESULT", "COMPARE_DATE", "SAMPLE_DATE", "WORK_DATE") VALUES (6, '1390-12-4 9:24:26', '1664-6-9 14:54:41', '499-3-12 3:4:4');

INSERT INTO "COMPARE" ("RESULT", "COMPARE_DATE", "SAMPLE_DATE", "WORK_DATE") VALUES (4, '1116-3-21 7:53:55', '1104-10-2 9:40:10', '1012-4-4 7:56:18');

INSERT INTO "COMPARE" ("RESULT", "COMPARE_DATE", "SAMPLE_DATE", "WORK_DATE") VALUES (17, '49-12-17 0:44:20', '588-8-15 4:26:25', '683-6-29 4:52:7');

INSERT INTO "COMPARE" ("RESULT", "COMPARE_DATE", "SAMPLE_DATE", "WORK_DATE") VALUES (2, '418-2-21 3:9:8', '1584-9-18 13:45:14', '618-9-19 4:13:12');

INSERT INTO "COMPARE" ("RESULT", "COMPARE_DATE", "SAMPLE_DATE", "WORK_DATE") VALUES (5, '1468-5-9 9:57:39', '1507-4-21 12:46:26', '1012-4-4 7:56:18');

INSERT INTO "COMPARE" ("RESULT", "COMPARE_DATE", "SAMPLE_DATE", "WORK_DATE") VALUES (19, '642-10-13 5:21:36', '111-11-2 0:39:43', '1157-9-6 8:55:23');

INSERT INTO "COMPARE" ("RESULT", "COMPARE_DATE", "SAMPLE_DATE", "WORK_DATE") VALUES (14, '1529-6-18 10:52:8', '423-2-16 3:23:42', '499-3-12 3:4:4');

INSERT INTO "COMPARE" ("RESULT", "COMPARE_DATE", "SAMPLE_DATE", "WORK_DATE") VALUES (9, '1941-8-5 13:27:30', '979-6-27 7:31:3', '257-6-9 1:34:16');

INSERT INTO "COMPARE" ("RESULT", "COMPARE_DATE", "SAMPLE_DATE", "WORK_DATE") VALUES (10, '1-1-1 0:0:0', '1190-9-27 10:33:39', '499-3-12 3:4:4');

INSERT INTO "COMPARE" ("RESULT", "COMPARE_DATE", "SAMPLE_DATE", "WORK_DATE") VALUES (7, '1251-7-28 8:46:53', '111-11-2 0:39:43', '1640-5-26 12:41:42');

INSERT INTO "COMPARE" ("RESULT", "COMPARE_DATE", "SAMPLE_DATE", "WORK_DATE") VALUES (8, '507-1-10 3:54:24', '174-7-27 1:51:31', '1271-5-15 9:44:49');

INSERT INTO "COMPARE" ("RESULT", "COMPARE_DATE", "SAMPLE_DATE", "WORK_DATE") VALUES (0, '1678-1-20 11:40:59', '423-2-16 3:23:42', '1464-3-2 11:40:33');

INSERT INTO "COMPARE" ("RESULT", "COMPARE_DATE", "SAMPLE_DATE", "WORK_DATE") VALUES (3, '791-11-28 5:46:53', '1507-4-21 12:46:26', '1012-4-4 7:56:18');

INSERT INTO "COMPARE" ("RESULT", "COMPARE_DATE", "SAMPLE_DATE", "WORK_DATE") VALUES (1, '160-9-11 1:43:54', '306-7-4 2:19:45', '1464-3-2 11:40:33');

